PAUTA,BREVE DESCRIPCION,COPY,MATERIAL,FECHA DE PUBLI,ESTADO,PRODUCTOS,CANAL,PAUTA ,FB Likes,FB ALCANCE,Ig Likes,IG ALCANCE,TT LIKES,TT ALCANCE,RESPONSABLE
PAUTA ,GLACIAR ,"TESTIGO DE LA ÚLTIMA GLACIACIÓN ❄️
La excursión al Glaciar Torrecillas te lleva a descubrir uno de los paisajes más prístinos del Parque Nacional Los Alerces. 
Para vivir esta aventura, primero se navega desde Puerto Chucao, luego se recorre un sendero a pie y finalmente se accede a un entorno único que regala una experiencia inolvidable.
📍 Parque Nacional Los Alerces
🚤 Acceso mediante navegación + trekking
📲 Más información: +54 2945 529616
#EsquelMiDestino #TurismoArgentina #Trekking #Patagonia #PatagoniaArgentina #Esquel ",,8/9/2025,,,,,,,,,,,
PAUTA ,ESQUEL ,"ESQUEL, TU PRÓXIMO DESTINO EN LA PATAGONIA
Entre bosques y la inmensidad de la estepa, Esquel te invita a elegir tu propia aventura:
🌿 Relajarte en plena naturaleza
⛰️ Vivir la adrenalina y la aventura
🏛️ Conectar con el patrimonio histórico
🎨 Sorprenderte con los colores de cada estación
📲 Más información: +54 2945 529616
Vení a Esquel, recorré la Patagonia y descubrí tu lugar favorito.
#EsquelMiDestino #PatagoniaArgentina #experienciaesquel ",,26/9/2025,,,,,,,,,,,
PAUTA,CIRCUITO BINACIONAL ,"CIRCUITO BINACIONAL 🇦🇷 🇨🇱🤝 
Argentina y Chile: de la Cordillera al mar en una experiencia memorable ✨
🚐 Esquel puede ser tu punto de partida para pasar de la mítica Ruta 40 a la deslumbrante Carretera Austral, del Parque Nacional Los Alerces al Parque Nacional Pumalín pasando entre montañas, lagos, volcanes y una exuberante vegetación. 
💫Reviví la historia, recorré la Cordillera de los Andes y conocé el Pacífico.
@navieraustral
#ruta40 #carreteraaustral #patagonia #patagoniaargentina #turismoargentina #chile #patagoniachilena #esquel ",,14/10/2025,,,,,,,,,,,
PAUTA ,VUELTA A NAHUELPAN ,"YA ESTÁS PENSANDO EN TU PRÓXIMO DESAFÍO PARA EL 2026? 🚴🏽
Así se vivió la 4.ª edición de la Vuelta al Nahuelpan.
Una carrera tan exigente como épica, que reunió a más de 270 ciclistas en una jornada de sol,
calor y paisajes que inspiraron a cada participante.
Una vez más, Esquel demostró ser un destino ideal para los deportes de montaña.
🤝 Felicitamos a cada uno de los corredores y a quienes hacen posible la organización de 
eventos que integran naturaleza, turismo y deporte.
🚩 Esquel, Capital Provincial del Turismo Deportivo.
@vueltanahuelpanoficial",,13/11/2025,,,,,,,,,,,
PAUTA ,ENTRENAMIENTO -COCO ,"ESQUEL: DONDE EL ENTRENAMIENTO SE VUELVE INSPIRACIÓN.
Vení a buscar tu mejor versión en un ambiente vibrante y preparate para tu próxima competencia de la mejor manera.
Nuestra ciudad es mucho más que un destino; es un centro de alto rendimiento natural. Por eso, junto a grandes referentes como @eulaliomjr, lanzamos esta propuesta para que runners y atletas de todos los niveles vengan a descubrir por qué somos la Capital del Turismo Deportivo.
¿Estás listo para el desafío? Esquel te espera. 🙌
#Esquel #Running #EulalioMuñoz #PatagoniaArgentina #Entrenamiento TrailRunning",,18/2/2026,,,,,,,,,,,
PAUTA ,TROCHITA OTOÑO ,"BIENVENIDO, OTOÑO 🍂
Subir a La Trochita en otoño es sentir el cambio de estación a través de los colores.
El aire fresco, el vapor de la locomotora y el traqueteo clásico del antiguo tren hacen que quieras repetir esta experiencia una y otra vez.
Si querés conocer las fechas de salidas y reservar tu lugar, visitá: latrochita.org.ar
#Esquel #Patagonia #PatagoniaArgentina #LaTrochita #turismoargentina ",,25/3/2026,,,,,,,,,,,
,ECLIPSE ,,images (5).jpeg (https://v5.airtableusercontent.com/v3/u/55/55/1783965600000/Om76F4X3rKtxQc3XPrTdHw/6kP0Pp_-2eOkGGPZEo9MHUP7c2hwfY1egq7mR6HLdXj_znibAVAedA8ZT-UTs8MOZ73ek1nNDT2lnF9iq7QalxizV3vz7uo1RNz3o1quW8xzITbjABAzB99ins_8ksbwbiMzUXMjEEabQminuz3IviVPjAMzdhDmxbM7z0dmhiI/6DclTcWaKrFvngEtVBvILrGjZO33KBQnR7SWF5zmBPk),,,,,,,,,,,,
PAUTA ,Eulalio Coco Muñoz,"¿TE IMAGINÁS ENTRENANDO EN ESQUEL? 🏃‍♂️

Salir a correr en Esquel es mucho más que hacer ejercicio: es conectar con un entorno natural que potencia cada paso.

Acá, la calma marca el ritmo. La tranquilidad de nuestra ciudad te permite concentrarte  sin distracciones, sin ruido, para que puedas enfocarte solo en superarte.

Paisajes imponentes, aire puro y escenarios que cambian en cada recorrido. 

¡No lo dudes! Y disfrutá de Esquel como lo hace @eulaliomjr 💪

#Esquel #Patagonia #PatagoniaArgentina #Running #Runner",,18/4/2026,PUBLICADO ,DEPORTIVO,"FACEBOOK,INSTAGRAM,TIKTOK",,,,362.0,181037.0,,,Yago Miguens
,CARRUSEL DE LA TROCHITA,"MUCHO MÁS QUE UN VIAJE EN TREN 🚂

La Trochita es historia viva y paisajes que asombran. 

El trayecto parte desde la estación de Esquel y llega hasta Nahuelpan, en un recorrido de 18 km.

Para planificar tu visita, consultá las frecuencias y reservá tus boletos con anticipación.
 
latrochita.org.ar 👈

#LaTrochita #Esquel #EsquelTeHaceBien #PatagoniaArgentina #Turismo",,20/4/2026,PUBLICADO ,CULTURAL,"FACEBOOK,INSTAGRAM",,,,328.0,9868.0,,,Marcela Cristina Mathon
,DÍA DE LA TIERRA,"LO QUE SE AMA, SE CUIDA. ASÍ DE SIMPLE.

Perdernos en el bosque y que el cuerpo encuentre su ritmo... En esa simpleza, la naturaleza nos enseña su valor más profundo.

En este Día de la Tierra no buscamos grandes discursos, sino volver a conectar con lo esencial; porque estar presente en nuestro entorno es la mejor forma de agradecerlo.

 📍 Camino a La Hoya - Curva de los Guanacos 

#Esquel #PatagoniaArgentina #DiaDeLaTierra #bosque #senderos",WhatsApp Image 2026-06-11 at 9.34.24 AM (1).jpeg (https://v5.airtableusercontent.com/v3/u/55/55/1783965600000/OGrJNHChKPe0G_8dB1v6Uw/T3nIkEWb3GI3k8sdIDgHkflRrgwZupBRx6QQA-_o0UxofizdckaupAHdrHEzei3mq31VuB3lolDUo8wNk3udibgrezsWigL2LSOIlG-O_BiZOUWkiRKfFtD2EIM2Y4fQ6tN5SjlUitsCsUwpNfyWPL1TKSSAQrBLppIonHnJ_wSu1o5Ml-GjSzpPEPjT_Ak6/PrP0C0ePp88FdXKmRVjsttf-ToUKW56eqQLdtW_ak54),22/4/2026,PUBLICADO ,"NATURALEZA,PAISAJE","FACEBOOK,INSTAGRAM,TIKTOK",,,,479.0,16790.0,,,Marcela Cristina Mathon
,3 MOTIVOS PARA VISITAR ESQUEL EN OTOÑO,"3 MOTIVOS PARA VISITAR ESQUEL EN OTOÑO

🍂 Colores inolvidables
Los bosques se tiñen de matices que parecen sacados de una postal, creando un espectáculo visual único.

🌄 Menos gente, más calma
Es la temporada ideal si buscás desconectar de verdad y disfrutar del silencio de la naturaleza.

🚴 Clima perfecto para la aventura
Días con temperaturas agradables para disfrutar del trekking o el mountainbike. 

¡Te estamos esperando!

#Esquel #Otoño #Patagonia #Senderos #PatagoniaArgentina",IMG_6810.jpg (https://v5.airtableusercontent.com/v3/u/55/55/1783965600000/zNlmkeMkocEtTvVk-_bjPw/e-5N2Bsg87sd9yYD2-id7xpUk4iH6s9gmCaL-h1QihcCKJdkInnWhpSJjhA2mYY7fPxqcwI1g534_y6Lu4GXHSLWvsEiEZBRvOjsMCFA4hSujmobXVpKdUfIv6laGgO2s69C8iuJbm3hispU64Xqsw3ptjcr1nfm09q0JX4naQ8/uZ2UyF_CZEitehPdz0_UxRJhBBaS2-YHrJdF4sDZWT0),23/4/2026,PUBLICADO ,"NATURALEZA,PAISAJE","FACEBOOK,INSTAGRAM",,,,118.0,4900.0,,,Marcela Cristina Mathon
,video Desafi Los alerces ,"20 km, más de 40 kayakistas y un escenario inigualable. 

Reviví la travesía que unió Lago Verde con el Lago Futalaufquen a través del río Arrayanes. 
Apostamos por el deporte para seguir poniendo en valor nuestro Parque Nacional Los Alerces.

¿Te sumás a la próxima edición?

#TravesíaKayak #LosAlerces #PatagoniaArgentina #Aventura",Bajada de kayaks.mp4 (https://v5.airtableusercontent.com/v3/u/55/55/1783965600000/mVptMgjCV1oMZAem52eLqg/sdvUeBqGxMVdCrCCnxJaVQByPwS5TslxJmTckGcY-OFSA5bZslw3XZecFxWKSfXHesttbjkCHHrGQjNceebvytqSzVjLFQBolebgKwPD8bL5uI9usyVKg_9yaFdjxE7nmZZ1Mex25YV7oBvsYJ2b84F2r6qxpxqrbIXqV6wM1ms/L6Epqmk8KK8WdZt2lUpGw_meAWDdw53SZbEXgnobzrg),23/4/2026,PUBLICADO ,DEPORTIVO,"FACEBOOK,INSTAGRAM,TIKTOK",,,,220.0,6719.0,,,Marcela Cristina Mathon
,Alerzal Milenario ,"EL IMPERDIBLE DEL PARQUE NACIONAL LOS ALERCES 
Visitar al Abuelo es encontrarse cara a cara con la historia viva de la Patagonia: un gigante de más de 2.600 años que crece en el corazón de la selva valdiviana.

✅ La experiencia: partimos en Puerto Chucao para navegar las aguas cristalinas del Lago Menéndez antes de internarnos en el bosque. 

✅ Cuándo ir: las salidas operan todo el año (¡cada estación tiene su magia!). 

✅Tip viajero: el clima en la cordillera cambia rápido; vestite en capas (""estilo cebolla"") y elegí calzado cómodo.

#Esquel #Patagonia #AlerzalMilenario #ParqueNacionalLosAlerces ",DSC08208 (1).jpg (https://v5.airtableusercontent.com/v3/u/55/55/1783965600000/YRzq0nasKo2daSVH6TzX2Q/9bNmJbh0Fp2gOREkVJJTOcOirXR8p7QA2DWlN7-eKxJqzz69BgGFRSFKYdiFGvgjwbPgo7XdKuC1zIdIvjY79SMGxrh0qWHubpeU1szLJYYWxuEkwAI1SEPi8Pv6Aon3oEXBjbnS1sfF7q6Na6yLz_wqNF_lQe0ApNcPfBgerHM/FMc9pfAM5yEZyv0ku9oE9toVR7921japi0jkR_pJXyw),24/4/2026,PUBLICADO ,"NATURALEZA,PAISAJE","FACEBOOK,INSTAGRAM",,,,261.0,7792.0,,,Marcela Cristina Mathon
,ANP PIEDRA PARADA ,"Área Protegida Piedra Parada

Donde alguna vez rugió un volcán gigante, hoy se despliega un paisaje imponente cargado de energía. A solo 125 km de Esquel, este sitio te espera para un recorrido fascinante por el pasado geológico de la Patagonia. 

📅 Temporada: todo el año.
💡 Para aprovechar al máximo la experiencia, consultá a las agencias de turismo: https://acortar.link/58Alz1
 
#geologia #PiedraParada #trekking #patagonia #aventura ","Corredordelosandes538.jpg (https://v5.airtableusercontent.com/v3/u/55/55/1783965600000/JQVIfh3-0xNHHYkOvZpxNA/Hann9SzsrM-gQjnzeFhuAdEw8fcp0fDXZcSo7M6bt_ogdH-PraQcwAK2AN1MVb8DqO6Q3TTJD-Mc5JERO9X8tfaoGyvDc03pPkrK62mgrPmCeDeGGQ1KgS89tocP1K9KAwAZ5vytb7fQ6bBFJ0ViiXkFGrBBvWSlJhOuyONu3T8/2m_lsBAFN1cjkwVQklyHI783lYUlENxhi81ckgA4fDc),Corredordelosandes512.jpg (https://v5.airtableusercontent.com/v3/u/55/55/1783965600000/BoGZ9V-LwTDgq3FrGFSSYg/0ZCLLB9GwLANYHXU4uAomBq1FEGBOlZrL81CTBe6ysNI7ub7KTMmvt9XXyGQAwZqHPTtmICo_CISLDsHWRSceF4COkMC2XadUM59l3AXDKJHIsGEmOulmJ2Jho8a7z7vnxpDInUiCutLKS5Ii9p6ho_vkIJ32inKrI9svfgPOLo/XT6weXRwKeq-2UcAHBMN0A-ApQvDkVtpGCt8VB1lRS4),Corredordelosandes578.jpg (https://v5.airtableusercontent.com/v3/u/55/55/1783965600000/5ez399Jbn8rBkYNJRCRisw/H-WBZpO2ujJ0eq7H0HPgFkgcuVjnBZSsm7JxzUJ7AYfcspTlJqzmY8MjtC3hw9ztsVmNG3isQ_PvEU5VYRBUEmC6GVhp8qETNISyytNdy7doYb6kGmgZYTiZ8cFkrIZiw_Nfy-AySPTyeU9uQqkCuQMhIhDm_-6eNFFnFIvTV6A/FBVdN9Nu3QgnDDz8QtPOzPqj-6a-nSQwsvckwrEWXVc)",25/4/2026,PUBLICADO ,"NATURALEZA,PAISAJE","FACEBOOK,INSTAGRAM",,,,151.0,6782.0,,,Marcela Cristina Mathon
PAUTA ,ECLIPSE ,"EL MEJOR LUGAR DEL MUNDO PARA VER EL ECLIPSE 2027
En febrero de 2027, el cielo nos regalará un espectáculo único: un eclipse solar anular, el famoso “anillo de fuego”. 
La Luna se alineará con el Sol y la Tierra creando un aro de luz perfecto que transformará el paisaje por unos minutos inolvidables.
Venís por el eclipse, te quedás por todo lo demás.
¿Te lo vas a perder?
Consultanos, te ayudamos a planificar tu viaje: +54 9 29 4552 9616 ",,26/5/2026,,,META ,,,,,,,,
,FIESTA DEL HONGO ,"EL BOSQUE TIENE UN SECRETO Y ESTE AÑO LO CELEBRAMOS.

Hay un mundo que existe debajo de tus pies, entre la madera húmeda y los rincones más secretos del bosque.
 
Ese mundo maravilloso tiene su momento especial en la Fiesta Del Hongo
 
Vení a descubrir el Reino Fungi en una edición llena de experiencias gastronómicas, talleres y salidas de campo en pleno bosque andino.

🗓️ 1, 2 y 3 de mayo
📍 Esquel, Chubut, Patagonia Argentina
ℹ️ Mas informacion: https://limitsadventure.com.ar/

 #FiestaDelHongo #Esquel #Patagonia #ReinoFungi #Patagonia","DSC07330 (1).jpg (https://v5.airtableusercontent.com/v3/u/55/55/1783965600000/cjRR0UpgPvWyWy6rMyVg6Q/VCvTfkLl9DrjAU12LeiAq1Pol7AXhJPMr0_OSVhJK3uZpF1yB0CE5tAWSYHk50T7Hwklaq1tI5Opq1KI7L14zjGPeH_5cntGOemYoitA3YPuAV5bV89p_ugbn7jxNkstdGAiXGRig4FC90t_GFBAgV1ndCrrFn-Hbcu86wGdOVk/Z9BY0X2cxiKy9WgSw2WKa2-XsBSobjGP-CTWC_6qnUY),DSC07314.jpg (https://v5.airtableusercontent.com/v3/u/55/55/1783965600000/jR4JlGpYbMWtlZAMkJ8zeA/c7oO0wTDtQiYyQXWkE4tcXiYdE1iYg5s3zyhsl3JpoOGuUWmfjFYAPAk2ChglWTKQUYpFpBQbAQRee7B5iYS8tD5Ff07oLOwCX6t--zCM-JI0iMstOydm37jC0kpkJtYE4tu37pORsUIIG0iXHntcqBwfBezaFKAApjU79VqUmM/xfVqHwtgUxyaljCDnVOlHpf6JoUhOQxbokqTCJKqcyU)",27/4/2026,PUBLICADO ,EVENTOS,"FACEBOOK,INSTAGRAM",,,,102.0,4046.0,,,Marcela Cristina Mathon
,COLABORATIVO ,CROESO CASA DE TE ,,27/4/2026,PUBLICADO ,GASTRONOMÍA,INSTAGRAM,,,,153.0,6752.0,,,
,ECLIPSE,"ESQUEL: EL MEJOR LUGAR DEL MUNDO PARA VER EL ECLIPSE 2027

En febrero de 2027, el cielo nos regalará un espectáculo único: un eclipse solar anular, el famoso “anillo de fuego”. 

La Luna se alineará con el Sol y la Tierra creando un aro de luz perfecto que transformará el paisaje por unos minutos inolvidables.

Venís por el eclipse, te quedás por todo lo demás.
¿Te lo vas a perder?

Consultanos, te ayudamos a planificar tu viaje: +54 9 29 4552 9616 📲

#Esquel #Patagonia #PatagoniaArgentina #Eclipse2027 #EclipseSolarAnular",annular_see_ground1 copy.jpg (1).webp (https://v5.airtableusercontent.com/v3/u/55/55/1783965600000/DLOMO8BQ4mJDbfqgtLf-UQ/gUiCoyaavw7W2O8s68kZLUyXC01Ljr8gBozBKFXZgbKYAOT1QiGSV82DG5mG8TM8Kqor_JksrT66YM_zojdFVkpPBZizwhuTMY14Wp2vKfDyRhraZYund4rf22nQTQq8eo6RxeQJNCi6ZM3e-2273TXu8m4jpd0pOWqxQ_a3dYvbTrSa74uZihc5KGQRM-7A/RwlaPAfch-hTieqxHem492fsw8st3H9ORVdTvDcbEfQ),29/4/2026,PUBLICADO ,EVENTOS,"FACEBOOK,INSTAGRAM",,,,133.0,10260.0,,,Marcela Cristina Mathon
,DÍA DEL ANIMAL ,HISTORIA ( VIDEO ) ,,29/4/2026,PUBLICADO ,EFEMÉRIDES,HISTORIA,,,,,,,,Marcela Cristina Mathon
,PLEBISCITO,FOTO - HISTORIA ,WhatsApp Image 2026-04-27 at 2.35.04 PM (1).jpeg (https://v5.airtableusercontent.com/v3/u/55/55/1783965600000/290uKWPSH1qBmTwO5aKyGQ/10F-4uo7eWP6mO-t2cKS3qjCrEtUGIVxYALNFq1ztxnM83E3IpffN3QuaSu31oOEqb_RNrjIv-ZPQf9MuAOK6snR0WIS5cAK5__4XT6qM0oJc5jhKXC7Fw-6XIk0XRMaAQRr55ihwZeXuS_zOXjKN6kpjktCkpHMtPblJY2wozJksF-r6EoyfoMhkoeOkvhd/RZn15gt2_Er4txoYJ_nSJQ8q-Gz-VSWwiDgfxjxTTek),30/4/2026,PUBLICADO ,EFEMÉRIDES,HISTORIA,,,,,,,,Marcela Cristina Mathon
,CARRUSEL 4 ACTIVIDADES ,"MAYO EN ESQUEL: 4 EVENTOS IMPERDIBLES PARA VIVIR EL OTOÑO EN LA CORDILLERA.

Gastronomía, música y deporte se combinan en este mes y te hará vivir el otoño a pleno. 🍂

Te invitamos a disfrutar del sabor de la gastronomía fungi, la magia del paisaje y la adrenalina del trail running, el mejor blues de la Patagonia y la tradición viva de la empanada más grande del mundo. 

¿Tenés consultas? ¡Escribinos!: +542945529616

#Esquel #Patagonia #TurismoArgentina #Gastronomía #Running",,30/4/2026,PUBLICADO ,EVENTOS,"FACEBOOK,INSTAGRAM",,,,347.0,21382.0,,,Yago Miguens
,DIA DEL TRABAJO ,FOTO HISTORIA ,DSC07845.jpg (https://v5.airtableusercontent.com/v3/u/55/55/1783965600000/TSE9rrxYb8qghS5NM2tqeA/kEEXNiGuP7m4cEdWg0Y50Az6NxNxS8HCaoz4QsNiyXo40UUYu7EAo6U283cjmSH_3u3WLeWKdigKK9KNqGHXCtRdiYHCB8JIZIOCKpI_iWALH66DiKMCoUC2t3te-JXknuq3L5-HTrx11ENWKuS9CKj4N6bEQLdDjsn84KBZtUk/8qVJsbjG7IKKTKQ6Vf1PIuvCTnRindhBznkO0yKGUYI),1/5/2026,PUBLICADO ,"EFEMÉRIDES,LA TROCHITA","FACEBOOK,INSTAGRAM",,,,,,,,Marcela Cristina Mathon
,CIUDAD DE ESQUEL,"¿Estás buscando tranquilidad?
La experiencia de conectar con la naturaleza sumada a la amabilidad de nuestra gente, convierten a la Ciudad de Esquel en un destino patagónico que enamora. ❤️
¡Hay mucho por conocer y cada estación del año es única! 

Te ayudamos a planificar tu viaje: 📲 +54 9 2945 52-9616
📍 Esquel - Chubut

#Esquel #Patagonia #EsquelTeHaceBien #LagunaLaZeta #Chubut ",CALLES DE ESQUEL-2.jpg (https://v5.airtableusercontent.com/v3/u/55/55/1783965600000/PYhkVtRKX6ol0-g4Lb_j7A/xg8O4EGwumCU9QDENYtorqFeqRGGM-4gcTCIgtnvJb6TOXJ2uep_FB4yGsvLPzyN2T6DuuwQI4Xdz-ZU_Qmv6ulqkJ4M7dxhmlCr1jOJSuJWLexmfi3LwrOgZIot8RyngWs4E8xX1ik-kQECUVeS4ZKbcLL3Nt3QNL6aWsWP9mE/lU8pSztm6t7ViYfIUjAtwQJXjU33z-zzFZshDB_9XNs),2/5/2026,PUBLICADO ,CIUDAD DE ESQUEL,"FACEBOOK,INSTAGRAM",,,,1600.0,43600.0,,,Marcela Cristina Mathon
,COLABORATIVO ,FIESTA DEL HONGO ,,,PUBLICADO ,,INSTAGRAM,,,,195.0,6200.0,,,
,CURVA DE LOS GUANACOS ,"Últimos días del otoño

Disfrutamos de los últimos días ""anaranjados"" en Esquel antes de que todo se vuelva blanco.
¡El invierno nos respira en la nuca y ya no podemos esperar! ❄️

#Esquel #Chubut #PatagoniaArgentina #Senderismo #Nieve #Mate",Video.mp4 (https://v5.airtableusercontent.com/v3/u/55/55/1783965600000/URkOCsWLiWW21MsYOlyanw/FZnW8XNC58mC3v2OawzxixciNQ5wDDFbqe1GyP8jg3VbIwg5UYRwVkWqWeseI9qrREuk5NexsgTAruZi1vxvSNXOtfdfO8zGiCQJLtS4DR7SoXkOCVAXnmW4rhlyfAyJxJAsEC4HP9akGaSxr0Rx6g/dK9ENjOC2B_ZQRtOgENjR2exsGx_BRSjg6voZz1E7hw),4/5/2026,PUBLICADO ,"PAISAJE,OTOÑO","FACEBOOK,INSTAGRAM,TIKTOK",,,,175.0,7900.0,,,Marcela Cristina Mathon
,PASEO CON PERRO ,"PASEOS INOLVIDABLES POR LAGUNA LA ZETA

A 4 kilómetros de Esquel se encuentra la Reserva Natural Urbana Laguna La Zeta. Un lugar perfecto para pasear sin prisas, apreciando el paisaje, tomando unos mates... y, ¿por qué no?, con tu amigo fiel 🐶💖

Frená con la rutina y rodeate de la paz que Esquel te ofrece.
¡Te esperamos!

📸 @la_salchibanda_mdp

#Esquel #Patagonia #PatagoniaArgentina #Petfriendly #LagunaLaZeta",,5/5/2026,PUBLICADO ,,"FACEBOOK,INSTAGRAM",,,,401.0,9210.0,,,Marcela Cristina Mathon
PAUTA ,BLOG ,"ESQUEL TE ESPERA TODO EL AÑO 🤍 
💆‍♂️Esquel sigue activo y latente para que vivas una experiencia a tu medida. 
📅En tus vacaciones, en el próximo fin de semana largo o en una escapada, te esperamos siempre. 
¿Tenés consultas? Escribinos +54 2945 529616",,6/5/2026,,,META ,,,,,,,,
,GASTRONOMÍA - MERIENDA ,"
¿DULCE O SALADO?

En Esquel, merendar es el ritual obligado para ganarle al frío y descubrir sabores que te abrazan el alma.

¡Etiquetá a esa persona con la que compartirías una de estas tentadora merienda! ✨ 

#EsquelPatagoniaArgentina #Merienda #cosasricas #chocolate #TortaFritas","GUS07390.jpg (https://v5.airtableusercontent.com/v3/u/55/55/1783965600000/rfWAj5Q3hWW64Y_-EJbo9g/7G6VIE7Wo65E3wcWf69YvaEiq4PE7FzFSFNiubaxw6CEsg4eIIZW9X8zj99FMLYtXifvlptVJ7-k8CUMVfcHcnoz_hJt00hQ0cdhMoQruYOZ6h0Wpatgiii87bYp-CjlHelJx3i8KTLWUIzho9R1_OAjoEefigS5lrJUlK8XfcY/wllz6Z0L2GwS8pBoE24BuYAcQc0f70bbjRi9JEtnwPo),GUS07169.jpg (https://v5.airtableusercontent.com/v3/u/55/55/1783965600000/grK-n2AgbMhkIaP_qNs4Bw/IpmUotftTaRZiwrarh6XHR0DTStuyubSQNQzPClVuhw21ewxfZaqOIDl1edpvxgpsPjST11wCE2qhpDGS1X2gfoNkh0Mta0y-JKJ4NsEfwk7E6fYwJ93b_30L1l2gH_maLsZlw4FfTE1MQfHXCUHv-iOTLp4n4t0wjMB_Gi9tW8/2ZcYta2Tm_232XIz0IJiD6iiOG6nECtmBZLK6ySwt_U),GUS06462.jpg.jpeg (https://v5.airtableusercontent.com/v3/u/55/55/1783965600000/3Pd4IE5ZFz24xY5xpPLfXA/aWE3Bfg5KOVIXOWonWisgRp-bh84ryJTvaJqW6HJ7Y62H_X1wvrlqrY4jHoHUFsVhppTUlAjxbdS9tVLwUqDDaws3bMWf1qz2R3pkjVdPQxAQ4WNC5LJTRAMxj2YDeuXiC9RLKKg5_ntZoS1OvQwH2vT8CIFtV_TGdzdwWB6tzE/NE9WwccPGu5LlA5tdYVpMyqXckeombLswvdwvHO9mYQ)",6/5/2026,PUBLICADO ,GASTRONOMÍA,"FACEBOOK,INSTAGRAM",,,,,,,,Marcela Cristina Mathon
,PIEDRA DE LA AGUJA,"Hay paisajes que te roban las palabras ✨

Piedra de la Aguja es esa alternativa que lo tiene todo: un recorrido serpenteante por el bosque, formaciones rocosas majestuosas y panorámicas infinitas que solo la Patagonia te puede regalar.

 El equilibrio perfecto entre aventura y descanso 🏔️🌿

📲 Coordiná tu visita antes de ir:
Bernardino Díaz: +54 9 2945 655299
Rosa González: +54 9 2945 604228

📍 Esquel, Patagonia Argentina.
#PiedraDeLaAguja #Esquel #Senderismo #TurismoRural #AltorioPercy ",Video.Guru_20260416_100145641.mp4 (https://v5.airtableusercontent.com/v3/u/55/55/1783965600000/cqqdHo-tuRnQq4FN-p0Usw/5mOpugQ_q16wI11GWto_D2ZMdWsC3dBBWxFTKAElL_kZTHuE5zD5lX2Mv_mDb2YC0didhViur8nCXkoUZpm-gOuHv_Edo0htOmWM1-AFzvZHzUOv6uAug3knA-aw17vHa3Bu3CZ3plyGO2SR5ceU5ypYEsAZcRhTPVmsS8uCSR8cVOcubp_Tz77UG7LJzO5c/2QQLOIXpcgbEnF029X4xP_0qfMnnEurJzPJ-GfTpAg8),8/5/2026,PUBLICADO ,SENDERO,"FACEBOOK,INSTAGRAM,TIKTOK",,,,468.0,10625.0,,,Marcela Cristina Mathon
,Camino a La Hoya con Nube ,"ACÁ la naturaleza no solo se mira: se siente

Un corazón suspendido en la altura para recordarnos que somos parte de este todo maravilloso. 
Levantar la vista en Esquel es siempre encontrarse con algo sorprendente.

#EsquelPatagoniaArgentina #Trekking #Montañas #Cielos #Naturaleza ",VideoCapture_20250519-092948 (2).jpg (https://v5.airtableusercontent.com/v3/u/55/55/1783965600000/AUtX08b-riY9rVyPbqKEpg/Jja96GEZgxz-8jymb-X6sNk6znDqrBeK3OnOc66Wx_AZf-CxdZ42WHBJabwZE4LuqGIkgLMtZviTXO9glAeOow5BWrc6tzlrXxJc421Z6uUTj53zd464-w96UDzS-YXYdRhPvecjSHuTz2D1cqyznlgCtB2DWRHq5ansQoXshEr0KNe0hQrxvEcT4TBUKStY/ll6Z7XC60LWuvpjO_SXMZruiqT_Q-E-gTQCfFVlsvlo),9/5/2026,PUBLICADO ,"AVENTURA,PAISAJE","FACEBOOK,INSTAGRAM",,,,158.0,4800.0,,,
,Micosenda Alto Río Percy colaborativa ,Un sendero para aprender de hongos ,,11/5/2026,PUBLICADO ,"EVENTOS,SENDERO",INSTAGRAM,,,,139.0,,,,
,Aniversario del Parque ,"PARQUE NACIONAL LOS ALERCES
Hoy celebramos 89 años custodiando la vida en el corazón de la Patagonia.
Un santuario donde los bosques guardan siglos de silencio y los lagos reflejan un verde que las palabras no alcanzan a nombrar.
Más que un paisaje, es el refugio de especies únicas y un legado que nos pertenece a todos.

🌍 PN Los Alerces Patrimonio Mundial UNESCO. 
📍 Esquel, Patagonia Argentina

@pn_los_alerces
 
#Esquel #Patagonia #ParqueNacional #PatagoniaArgentina #ParqueNacionalLosAlerces",20250520_112624.jpg (https://v5.airtableusercontent.com/v3/u/55/55/1783965600000/n8BBZUKRfdAsf7HbovkTgQ/p4vl5N12rlg1964oXLH4Rrg76bqhzBbrTxYyJL4CCLqrkN7brEIt99Uq-8nDs5ZKRMhY2oGbGN6uPmgVfeCVKIbasntdIzX26QzRpnnlEr4w03clt6gEbADdTjk1Dp5s2yHmtqca_90LPjUSwVgrTh7W4mQ4p-vbvRHVF2CZuhU/PzQ5k5V640KTJedAlXH_KwAler8HFJHRBkWaQljD8yA),11/5/2026,PUBLICADO ,EFEMÉRIDES,"FACEBOOK,INSTAGRAM",,,,651.0,11700.0,,,
,Organiza tu viaje ,"¡PALPITANDO LA LLEGADA DE LA NIEVE! ❄️
La temporada de invierno ya se siente en el aire y en Esquel estamos listos para recibirte. 
Es hora de planificar tu escapada a la nieve!
 
⛷️ No esperes más: anticipá tu pase para esta temporada en La Hoya ingresando a www.skilahoya.com.

🏨 Encontrá tu alojamiento ideal aquí: 👉  https://www.esquel.tur.ar/planifica/alojamiento/

💡 Un consejo: Consultá con las agencias de turismo habilitadas de Esquel y organizá tu próxima aventura sin preocupaciones aquí: Agencias de Turismo  https://www.esquel.tur.ar/planifica/agencias-turismo/

#nieve #LaHoya #Esquel #patagoniaArgentina #Invierno2026",ESQUEL 377.jpg (https://v5.airtableusercontent.com/v3/u/55/55/1783965600000/XrPQGLEwXNftxlA5ymiznw/E9c-mD5oRCYIQz2NC9jXlla0Je0VwxFKSYHpg9fuBdOE44O0CCmaU_JDHKj8gb93xLAFShfIsAwlj7Klq8lhm6xrFA0BIL7CTllqdwqXaGpYyEShJMxF4UPBYm-ntyrtqFDWX9byESooj9lSmGoM3y9_1ZIZEvquXSb8fRsiHks/qblMb7tYriE9aykCg2ZEmqKIK8tH0LVupcbmdH-WSM4),12/5/2026,PUBLICADO ,"INVIERNO,LA HOYA",,,,,,,,,
,Pinturas Rupestres ,"LO QUE EL TIEMPO NO PUDO BORRAR 
Existe una obra que traspasa el tiempo: un alero de piedra que protege el rastro de quienes habitaron estas tierras hace miles de años, grupos de hombres y mujeres que recorrian grandes territorios en cada cambio de estación. 

📍 ¿Dónde? En Villa Futalaufquen. 
🗓️ ¿Cuándo? Todo el año. 
👍 Dificultad: baja
♿ Accesibilidad: la senda está adaptada para sillas de ruedas.

📍 Parque Nacional Los Alerces - Patrimonio UNESCO

#Esquel #PatagoniaArgentina #TurismoAccesible #PinturasRupestres ",IMG_1640.MOV.mp4 (https://v5.airtableusercontent.com/v3/u/55/55/1783965600000/MGSFnLrdfeaFTH_MwTUuzg/8jyovwod-X3ymO0p6Uz7QCasOR6sF35V-2nU6A0lb2vC96QNv89sBwMPBc2pCJV9VK5cBIut2Eiouwal30Ks3czlvCnFXQLav26H8VP5or6nEBY9fLlGVv8i19BCBDKk6nLX1lYdDTD-5CgOhcrmkN8TuLJoq2CJfJIPNDU-FSo/oGZwKAFchjWEY0-ws6pvYvoKcENlCRuthTrvrFARmqQ),13/5/2026,PUBLICADO ,"PAISAJE,NATURALEZA","FACEBOOK,INSTAGRAM",,,,,,,,
PAUTA ,Exc. Glaciar y Alerzal,"¿BUSCÁS EXCLUSIVIDAD EN PLENA NATURALEZA?

Vení a conocer el Glaciar Torrecillas y el Alerzal Milenario en una experiencia que combina lo mejor de la navegación y el trekking en el Parque Nacional Los Alerces.

⚠️ Dato clave: asegurá tu lugar reservando con anticipación
🎒 Para tu mochila: recordá vestirte en capas para combatir el frío de montaña y traer calzado resistente.

Parque Nacional Los Alerces - Patrimonio UNESCO 

Esquel, Patagnia Argentina 

#invierno2026 #nieve #Esquel #PatagoniaArgentina #glaciar 
",TORRECILLAS-ALERZAL_GLAXIAR-35 (1).jpg (https://v5.airtableusercontent.com/v3/u/55/55/1783965600000/rjItkTqZ5mn5cFVp6IfSHA/YhVhcT7DW2Vq6-Mm0EA5M_n7TuNwg3IkjnK7g4JUQahPAOzYT8_p7ohRrzX4gMrZW5h3cnSgjbQ72_zjxtHHwoLF0LuusF5_IvfRlDp-Es9MUYd9qHiw0dhwDGz-27jvgoMTb-aaH0wyUgiZAh6CgdRYr5UehD4ZxDACD0KrOZDKhFZFGFEgcFI75fP9HEzh/DhO_VwYc485vs9dkdz3Bhn5cVUCDUQhQIvhAHHQQC1k),14/5/2026,PUBLICADO ,"INVIERNO,GLACIAR TORRECILLAS",,,,,,,,,
,Pases LA HOYA,"VIVÍ EL INVIERNO 2026 EN ESQUEL: LA HOYA LANZÓ LA VENTA DE PASES ❄️

📍Ubicado a solo 13 km de Esquel, @camlahoya destaca por su calidad, exclusividad y cercanía.

🫂 Esquel te espera con los brazos abiertos.

¿Qué estás esperando para vivir un invierno diferente?😉","2.jpg.jpeg (https://v5.airtableusercontent.com/v3/u/55/55/1783965600000/WjayzIXkVvOScptAYPNUrQ/jNvRm5NdP_SSsLRc7BunZCJ65kdzPjGjVtXYXqA76pTVPWyTDQKe53m-YZV2fPJcIitOj2z-z6mEZLYA_IQYMaTLIzwo2Qj2F4QWK5LzwmbHKW-PszLSuEtOy0BuEZdgT_ZwmpJgtxTDvc4BR5ITgdnZJ9vH2qnBZMe4dBCtEPo/SxZYCm8Lf8mguMcW44rjWT4ZYQRq9YIrodbEHcXASxw),1.jpeg (https://v5.airtableusercontent.com/v3/u/55/55/1783965600000/SZUfx81mbrPXE1OnKfa4lQ/ZU6wTo9YZJksZmR3DvYOt6vxas_9ffZw3WzlR-tWvuT2d0bDa6asj9lzDpSz3vNru3L2ZCCVUhFVUCECvLGr8xNApVX9Kr0KQAzxqwEZOCMa5rHOAB3DPvqup-NWX_Vrj10XRa8AnfFEB_BvJh1G1w/rHKM2_uqBYow8xkSCpPuxvdF18mpmVXKT2ZREZCVYnk),6.jpeg (https://v5.airtableusercontent.com/v3/u/55/55/1783965600000/BRhaXKHggRXIDE4SOv89WQ/0i79Pk6dBRbxXgTJ1WreyVsNU31KC4WFnbIkI30icyiOILGboOEYpDeeiqESFlrgBSjWxsZmTX1Czf_uPgxKngy3yvZaYv_eRXBofRLZOUSa29K9jV5L0LNUhPH3qDT9ebsOptP8o7pwN_-UcylF3g/3aiogWRY5g2kX6oillZtAYmC4mYV9cynnZ64ncbrORY),5.jpg.jpeg (https://v5.airtableusercontent.com/v3/u/55/55/1783965600000/kIpDxRtCKu7VostR4fGFQg/QT4xJiF7yuAUIiQ44bu_xKspJv1dlDO40dSNX7JB_iFxzOvOc7Pz2Qu5acwiwAPT1YyhXiV6hhaf2bn82mYfuuA5nbDkFiSKjY-Cr8x0QerlSEGNCrPB3wzI8OZMGmZP0NrdTKATAITb1VtjM2vES_fEYjDfjDceLeLTvx-N1zI/JIszKT3reOzB2cgocC8yWaou9_g3jFEzWw5Z67cRib0),4.jpg.jpeg (https://v5.airtableusercontent.com/v3/u/55/55/1783965600000/JQMdHhoQBHBvl9NvWGNk7Q/o9o6166K6sfr6XIAyYHAidwMhDsbIoQf3oiAF_N5SFvOweWQXC5LWBFK1upaY_IT92CpSDS2ZlK_qG8Pc-G1BJbtXqsXt-wauSkRyZFitQ32L2gLaHDSPMn6x7b2ZLfh3drQ-aRnhKFBBAYJ4a0DrRHqqFbAWWRfk3SvRUVOeZM/04tvuUoFcTH5pglPpLQSZfuj3GpkpNQJPDi9SQfgavU),3.jpg.jpeg (https://v5.airtableusercontent.com/v3/u/55/55/1783965600000/KeJw9m7d2Ug6VJzvUVfdmA/hz6Nygcn9l8Xc4z18GmtefSec9HEIydWWka8_5n7BLM4g8XKv0kYVibk4vTjOBp3dM_ZsusE5_KZsJLdxiMb5Avhl2eTWvLVDiz8GALWeQ8qLR5Oo3icFydrZFlvlsNczqdxwBobxPoDeV89tRH4ns8KMQI562xWX0wk1qQi7sY/J7cKQ10chS4Q0wdRzp2by32p-KUbrWG3ypHzXm_bpXM)",15/5/2026,PUBLICADO ,,,,,,,,,,
,Pueblo Alto - VIDEO ,"Pueblo Alto: una pausa tan cálida como deliciosa

Luego del canopy, el té de campo en Pueblo Alto es la pausa perfecta para reponer energías y sentir los sabores inconfundibles que se realzan al ritmo lento de la cocina a leña.

El fogón a leña, la luz tenue y un paisaje soñado, hacen de este lugar un sitio ideal para bajar el ritmo, conectar con el silencio y contemplar.

📍Pueblo Alto se encuentra a 30 minutos de Esquel por la Ruta 71 y a pasos de la Portada Centro del Parque Nacional Los Alerces.

Además cuenta con hospedajes y actividades que se sostienen durante todo el año.

¿Con quien te gustaría estar en este lugar?

",Reel Pueblo Alto - TurEQS 3.mp4 (https://v5.airtableusercontent.com/v3/u/55/55/1783965600000/PIfPQ2A2CYeEBK2v4x30zQ/5DIAznxftg8l3XSuLhKdNqMB7OHSJeTWPNte1cKUwIHvDEE76yTLF23qLzBGULUr63UuuufqqE-0iOZO6jENsJ3vhKA6umujJ3-dS3K842HBH_6fMSAznA0b7lLxXUfk8zzhXUaIuDnTp703BE7wvF3UbtMTkObpHwagy9OoU9_srI15xPQ7-5D5n9n9si4h/v9FzqwiSP5TGhKv1hYYSzBm8tVVy_ovPHunzDdcgp5g),16/5/2026,PUBLICADO ,GASTRONOMÍA,"FACEBOOK,INSTAGRAM,TIKTOK",,,,,,,,Yago Miguens
PAUTA ,La Trochita de regreso +Polo ,"El viaje termina, pero las ganas de volver no.

No te fuiste aún y ya querés regresar.
Donde los recuerdos nacen antes de que el viaje termine.
La parte más difícil de venir es saber que tenés que irte.

Planificá tu visita y sacá tus pasajes con tiempo. https://ventas.latrochita.org.ar/public/comprar-tickets

📍 Esquel Patagonia Argentina 

#Esquel #LaTrochita #TrenHistorico #EsquelTeHaceBien #pet friendly",Porlo + Cartel de Esquel.mp4 (https://v5.airtableusercontent.com/v3/u/55/55/1783965600000/dH9Guiyk2-qJ8XY5chVGQA/xdB9D1uW9LCKAaYqN8Vz-ILCRDhd1pGmxfuD5eQmW5hv7ilZhb742S3E3KZgARc0A2wSdTBrqgxJjfHa5qAChbs-LQZJIf-BBgtUM-2dODVXWCyqjaAYNjH8qzTok9bQPdDGIO4bDZYKSQcERp8BND4y4ZutCsnvvgROlHKRgGg/hd3vMijfXbOSAfCeP3CjPhZ3Joro9rRm-0RkRg6dnn8),17/5/2026,PUBLICADO ,PETFRIENDLY,"FACEBOOK,INSTAGRAM",,,,,,,,
,Dia de los Museos (colaborativo) ,"DOS LOCALIDADES, DOS PUEBLOS, MIL HISTORIAS.

En el Día Internacional de los Museos, nos unimos para invitarte a recorrer los Museos de la Cordillera: un viaje compartido entre Esquel y Trevelin para descubrir las huellas, el arte y la identidad que nos unen como región.

📍Chubut, Patagonia Argentina 

#Esquel #Trevelin #DíaInternacionalDeLosMuseos #MuseumDay ","dos pueblos.zip (https://v5.airtableusercontent.com/v3/u/55/55/1783965600000/wNJYRuqIkd2YMZWOwyekvg/zwHG_wphdO7SzewvI8TcxOa27-XUSy0Dkb-f1TaX1WIUoE_-IOQzfUC4g6RYTvhyd5PSGwOPLM1Dtd3c33UVFU83dPPhp3uCohOrB5qPquAyCmVw_oMXfF-kZm_9ZKHMOquyJ25Wv8WayXTsGArWC6ghprp35g_df9QRW-QgjdE/gnQrijXJ6zRd2fQtFPmHehrXMVj39oXYfOGV0_rr1Ws),Museos De Trevelin- Pueblo de Experiencias .zip (https://v5.airtableusercontent.com/v3/u/55/55/1783965600000/05axEVgRSu8f8PR6VZcQgA/I-oCNDMfEOYvGHr42Ni7MfQiPPfGBQGq4hNzFGjGglDvZr5-1myKJTtVCnf9L4Bkj5QqmR2GfyNJ8KZfuJU8AeNO7tkYXOv_fxdZEzmM_H9qXgdgUFMApk0W-BdQUX0DEw_jV6ONplCGuzvyEAFBlbVL7sTmve5SnU1R-snrkyg0NHPPOULgcpuDix3-dG20/CGE6dcvPMZp7sJGTfxtYM2gv1Xm-Oyh3pQTTL792TuM)",18/5/2026,PUBLICADO ,"CULTURAL,EFEMÉRIDES",,,,,,,,,
PAUTA ,La excusa para viajar ,"¿BUSCÁS UNA EXCUSA PARA VIAJAR?
El tiempo vuela y la próxima temporada de invierno ya está cerca. 
Vení a Esquel a disfrutar de nuestros imperdibles de siempre: historia, naturaleza, aventura, sabores patagónicos y el encanto de una ciudad que te recibe con los brazos abiertos.

Podés conocer más visitando nuestra web: www.esquel.tur.ar
 ¡Planificá tus recorridos con tiempo para aprovechar al máximo tus días!

📲 Estamos para ayudarte WhatsApp: 2945 529616

📍 Esquel, Patagonia Argentina 

#nieve #invierno #Esquel #Patagonia #esquí ",Esquel - invierno 2022   (2).jpg (https://v5.airtableusercontent.com/v3/u/55/55/1783965600000/0ZFqgp7mCT5gEu2fIZkbAA/aAgY-orzkq9YBTsZV7w5qlCExqODR59fhzD_RqQ851xv7ln7JyEc_XkspA2qgLFyZzm3JAwrjIx_GGkaiJ8KIEDO9Dx-Y_YmA0UZluJUWYIPfoYg9zCIeG7u9qpsO0aCAiLvvB1rxAUYnjWgEJi-vGvRQZgIowlmCMJGFUaAbiU/D0cJXLH_1lXlJmH6Yb5SCdKp-U8TfagIZHu3UjIyyqE),19/5/2026,PUBLICADO ,INVIERNO,"FACEBOOK,INSTAGRAM",,,,,,,,
,Cabalgatas,"CABALGATAS EN ESQUEL🐴
El contacto con los animales, el viento de la cordillera y la vista que se pierde en el paisaje son parte de una experiencia inolvidable.

Sumate a esta actividad que se sostiene durante todo el año.

¡Consultanos! +54 9 2945 529616 📲

🇦🇷 Esquel, Patagonia Argentina. ",DSC02573.jpg (https://v5.airtableusercontent.com/v3/u/55/55/1783965600000/KA8p42mXDyTODmzsYq619Q/ZkKSsve0JBT5mjSNOtfwJqEQ1iPIPG7yVVSS48SYjLVEV1mxSP70BdirmwCcaSB4jjPzU3tqfrbv9UpSWv8ypuOOJ6LAbYSJ-wga19AS9xvrSYIh5QW1TmuuhmhS8aUdkUsHRiyo1g-cSV3rI-cP6OUzUfkzEMgOZV7aBxV8LeA/BGoVExv1LvddlFR6u6P91RmK3xybFftNhF80WQfWHPM),20/5/2026,PUBLICADO ,CULTURAL,"FACEBOOK,INSTAGRAM",,,,,,,,Yago Miguens
,La Zeta ,"¿Buscás naturaleza sin irte lejos? 
Laguna ""La Zeta"" es la respuesta. 🙌
Un paraíso que sorprende en cualquier época del año, ideal para los amantes de la fotografía y el aire fresco.

📍 A solo 4 km del centro de Esquel.
🗺️ 1100 hectáreas de acceso público y gratuito.

📢 A tener en cuenta:
Revisá el estado del camino antes de ir.
Por seguridad, no camines ni ingreses a la laguna si su superficie está congelada.

📍 Esquel, Patagonia Argentina.

#fotografía #PatagoniaArgentina #LagunaLaZeta #Invierno2026 ",DJI_0994 (1).jpg (https://v5.airtableusercontent.com/v3/u/55/55/1783965600000/rKZ7t2kKO-0GAQ3BuWG0vw/heYWuPVF2TlAmhy92OJBe8uirbq16Eu13x7xVLmJAAHy-GP2Bi3przzvd-adL-GzsDrCNF3Facjhi3nuzMAvkTab6a61KasjY3CyC7RWyOOpgPswNY0nU8-k3KjfXkyqIdv5SHG8CtN9qk6RVtSfC2D8a74tqw_GiLrojVMRXnY/ppFD-DYyy4lGP0SkJyazpK1B3BK-4iyyqu06JVzWcoI),22/5/2026,PUBLICADO ,NATURALEZA,,,,,,,,,
,La Hoya - Invierno ,"La montaña ya se está preparando... ¿Y vos? 🏔️❄️
La Hoya ya palpita una temporada única, divertida y llena de nuevos desafíos en la nieve.
 ¿Estás listo para dar el salto? ⛷️🏂

 No esperes más: anticipá tu pase para esta temporada en La Hoya ingresando a www.skilahoya.com

 Encontrá tu alojamiento ideal aquí:  www.esquel.tur.ar/planifica/alojamiento/

 Organizá tu próxima aventura sin preocupaciones: www.esquel.tur.ar/planifica/agencias-turismo/

📍 Esquel, Patagonia Argentina.

#nieve #LaHoya #Esquel #patagoniaArgentina #Invierno2026  ",LA HOYA_APERTURA_7_7-22 (1).jpg (https://v5.airtableusercontent.com/v3/u/55/55/1783965600000/HaHqKhkST95yc79fmIQYuQ/AMyFof3LSdHT6kUbczxjgo-eUXLC5MdU4Pk8xY9BByLWY9F8e4BfXchPN5_rsJvj7ydxsDsQGV0V-8l_r9UevJBfn4DPbhEgOCKIHFad-_izA_PtJ4DojX-VgfE_DjBXLRIG3EfHxH6RtFMjY7TnuvmFs3_vLAFqwewa0zhQJmJ52cSlvjdPGh0hy8VwTfGf/hn26PSEoWwaE6WFtFEu1KPmLKjsMkdFEVle_XAB4oZw),23/5/2026,PUBLICADO ,INVIERNO,,,,,,,,,
,Alto rio Percy ,@viajemosjuntos,,24/5/2026,,,,,,,,,,,
,Empanada más grande del mundo,Video ,,24/5/2026,PUBLICADO ,"GASTRONOMÍA,EVENTOS",,,,,,,,,
,compartida -video del tren ,@franciscobuduba,,25/5/2026,PUBLICADO ,CULTURAL,,,,,,,,,
,La Trochita -  Aniversario ,"LA TROCHITA: UN EMBLEMA HISTÓRICO DE ARGENTINA 🇦🇷

Un 25 de mayo de 1945, el eco del silbato resonaba por primera vez entre los cerros, marcando la llegada del tren a la Estación de Esquel.
A 81 años de aquel día histórico, esta joya sigue desafiando al tiempo. 
Subir a sus vagones de madera y sentir el calor de las salamandras no es solo un paseo: es entrar en la historia viva de la Patagonia.

📍 Esquel, Patagonia Argentina

#LaTrochita #Esquel #PatagoniaArgentina #DíaDeLaPatria #TrenHistórico",DSC04625 (5).jpg (https://v5.airtableusercontent.com/v3/u/55/55/1783965600000/CQmhB60Spjgj7MvP--pzeg/jXVJbZ4cvJ_HbsRqhMKpdTCE-HSexlgtTy9u2TUzKNYxIMfdAS8mIavzuYuxYK8C3GlkyOTw7ZYvzmxL3XdRtTi1KXV_B7lFjEaK9nihYN0YdTH_Mx5KpCT5RsWLLU4YNDJaGW8FEHgGNLCTc3F3LLkfCMVb5PBomJqkiWYqD3E/OFUH6PugRQV-Brr1wkDO0fAQqSTPAquU7VBeK8GmQFM),25/5/2026,PUBLICADO ,"EFEMÉRIDES,LA TROCHITA",,,,,,,,,
,compartida video de empanada ,@viajemosjuntos,,25/5/2026,PUBLICADO ,"GASTRONOMÍA,EVENTOS",,,,,,,,,
,Camino a La Zeta -Sendero ,"A TU PROPIO RITMO 🏔️

No importa cómo elijas subir, la recompensa es la misma: una vista que te quita el aliento y una recarga de energía. 

Podés desafiar las pendientes en bicicleta o disfrutar de un paseo tranquilo sintiendo cada paso. La invitación esta disponible. 💪

Estamos atentos a tus consultas

#Esquel #LaHoya #TurismoArgentina  #MountainBike #Nieve",,26/5/2026,PUBLICADO ,"AVENTURA,NATURALEZA",,,,,,,,,
,Mirador PNLA ,"HAY PAISAJES QUE SON MÁS LINDOS COMPARTIDOS

Venir a Esquel te ayuda a conectarte con vos mismo y con tu compañero de viaje.
En cada mirador, contemplar la vista e inmensidad de la naturaleza van a producir recuerdos que serán imborrables.

Cada camino te sorprende, ¿te animás a descubrirlos?

📍 Sendero Pinturas Rupestres, Parque Nacional Los Alerces.

#Esquel #PatagoniaArgentina #TurismoArgentina #Patagonia #Turismo
",,27/5/2026,PUBLICADO ,NATURALEZA,,,,,,,,,
PAUTA ,ECLIPSE ,"ESQUEL SERÁ EL MEJOR LUGAR DEL MUNDO PARA EL PRÓXIMO ECLIPSE ✨
¿Sabías que nuestra ciudad va a ser el mejor lugar del planeta para ver el próximo Eclipse Solar Anular? El famoso ""Anillo de Fuego"" se va a lucir con una nitidez perfecta justo en nuestro cielo.
El fenómeno astronómico del año se vive acá. ¡Empezá a planificar desde ahora!
Consultanos: 📲 +54 9 29 4552 9616 ",,28/5/2026,,EVENTOS,META ,,,,,,,,
PAUTA ,PNLA  - Pasarela  ,"LOS ALERCES TODO EL AÑO
Cuando venís a Esquel, un imperdible sin dudas es el Parque Nacional Los Alerces. Con su infinidad de miradores, senderos y playas, vas a maravillarte en cada paso.

🍃 Sin multitudes, sin estrés y con una esencia única, es un lugar ideal para desconectar de todo y vivir la naturaleza.

✨ Disponible todo el año para que lo recorras con calzado cómodo y unos ricos mates.

¡Planificá con nosotros tu viaje!

#ParqueNacionalLosAlerces #ParqueNacional #Argentina #PatagoniaArgentina #Esquel",709466731_985881447512055_1820106900090378981_n.jpg (https://v5.airtableusercontent.com/v3/u/55/55/1783965600000/DbHkzoFjkWnPAinLUdDUsA/eNfTA2Mh1fRCNkaVU4KJTw435eFuMqKTsbdk-kHdBPlao5RiofZ21sGmaBE-IfTGJ8Hv6jutzYo0KnVqwiqlbr-WRWiPerIL37a58gdydJQ42Pk45isggVkF8ngSJFcErdoBzdHXud6ZRp0-v9OQcH0RqDsabWnG5cxC6hPku5SN5cgXmwEF8zhcJBS28KBxXx8747ZUf3WcTqzYrzZB6w/Kk_GqmfBya_7Bish6WMCUVBlB3t8p7LT4VSIaBgJfJY),29/5/2026,PUBLICADO ,NATURALEZA,,,,,,,,,
,colaborativa-Trochita ,@viajemosjuntos,,29/5/2026,PUBLICADO ,CULTURAL,,,,,,,,,
,colaborativa -Vuelo ,@municipalidadesquel,,29/5/2026,,,,,,,,,,,
,Aérea Curva de los Guanacos,"PAUSÁ TU RUTINA Y VIVÍ NATURALEZA

Respirar aire puro, contemplar paisajes inmensos y regalarte un momento lejos de la rutina son experiencias que realmente valen la pena.

Esquel es un viaje que te merecés: te invita a conectar con la naturaleza, bajar un cambio y disfrutar cada rincón de la Patagonia a tu propio ritmo.

Consultá con nosotros las actividades disponibles y eventos especiales de esta temporada. Estamos para asesorarte. 🙌

#Esquel #Patagonia #PatagoniaArgentina #Otoño #TurismoArgentina",708583307_1430874575733187_7005037014200063253_n.jpg (https://v5.airtableusercontent.com/v3/u/55/55/1783965600000/tcw_DAKdaAz3yM4OD9pB-Q/Fk3_ev65QG6PGsN47hYQb4MqOuzHShFKb4ey3F_dnZpokxoa5lsEki8i_37hsfyG6HX4WRv3KbVFPVl8vMsGq3fd_v-Y_3HtcVkWSMzeXCDVfk5TVm3jVwA5oAUkwJFZQMLX9e1ju0FvkXov8NOdIsREEQl6C8ec0QfiPQL6mIRYLlCiSRaNRC-gkLL2PISDt93RvNAjOG_FeEXHUXFfbQ/anXB8K03e8mX2p9IGirA_Mw1yHaE_YrCM08hGaa3DcA),30/5/2026,PUBLICADO ,,,,,,,,,,
,Alerzal Milenario,"CONOCÉ UNO DE LOS ÁRBOLES MÁS ANTIGUOS DEL PLANETA 

En el corazón del Parque Nacional Los Alerces, se encuentra el Alerce Abuelo, uno de los ejemplares más longevos del mundo 🍃

Con más de 2.600 años, este arbol inspira sabiduría y contemplación absoluta. 

📏Solo crece 1 milímetro al año. Desde que su semilla germinó, la humanidad alcanzó diferentes hitos que marcaron su historia. 

Conocerlo es posible: la excursión lacustre sale los días viernes y domingos.

📲¡Consultanos! +542945529616

#LosAlerces #ParquesNacionales #Argentina #Alerce ",709465662_1430874205733224_7995212554931500893_n.jpg (https://v5.airtableusercontent.com/v3/u/55/55/1783965600000/phDV8QLDv5JpaBT_6JBZ9w/kwg0SkvltVMg4HpYws9fkhv2aJaIfsb-uq8tPD9xKwf3VWqe-FEwhuGj9hFc_qEBBWLsA303OdjukCaXhYIgd_zli1KRj-wrT8FTLFYcPsOC07iHKkZqxkv8K3jYXDBmI16XLZtIzCdxLYWZoRbRbr2jyKiS3ANRbqxvth-8pwKrWkVUVJZ544MhMa2Bfb20e05Hlm2tG_epfrOAedSIyA/uPj4xpFUjiF0EiwiYqVUXUP4xmBNI8kVNJgNGLXGneo),31/5/2026,PUBLICADO ,PARQUE NACIONAL LOS ALERCES,,,,,,,,,
,JUNIO ,,,,,,,,,,,,,,
,COLABORATIVA ,@descubriok,,2/6/2026,,,,,,,,,,,
PAUTA ,,"¡VOLVIÓ EL VUELO DIRECTO CÓRDOBA - ESQUEL!
📍 Durante agosto, septiembre y octubre a través de Aerolíneas Argentinas:
🛫 Salida desde Córdoba: jueves a las 08:55 hs.
🛬 Llegada a Esquel: 11:30 hs.
🛫 Salida desde Esquel: lunes a las 16:00 hs.
🛬 Llegada a Córdoba: 18:20 hs.
¡Consultanos para más información! Ver menos",,3/6/2026,,,META ,,,,,,,,
,video 100 k  ,"100 MIL VECES GRACIAS ❤️
Hoy somos una comunidad de 100 mil personas que comparten la misma pasión por descubrir paisajes increíbles, vivir nuevas experiencias y enamorarse de Esquel en cada estación.
Gracias por acompañarnos, comentar y compartir. Cada mensaje, foto y recuerdo forma parte de nuestra historia. 😊
#Esquel #Patagonia #EsquelTeHaceBien #Turismo #TurismoArgentina

",WhatsApp Video 2026-06-03 at 2.54.46 PM.mp4 (https://v5.airtableusercontent.com/v3/u/55/55/1783965600000/QlGL9KAv-oW9XmzyExm8Jw/La3qU-7zo4PrU3Jv7JIkHu6zKM-jEjpOR78kJpRsXdSOMlLYXk6xlKAlTxJIxEJW-MH5jpAik6MUNThuyrPFf-EH5a9WLxKSNQsSBfEBIFHHVfR9lp0zfZgbr7e4-BRWNztZNvr9tKX2wpS9bVqnZWnsgIHnX3U2evUQIgMd_CS5Ep0OIrVYcWMh05XdszUz/dvZUtDj-x0WvDhf_wof91B2pWjs88vT83kQsJN3OT8Y),3/6/2026,PUBLICADO ,CIUDAD DE ESQUEL,INSTAGRAM,,,,,,,,
,subí tu foto ,"SUBÍ TU FOTO EN ESQUEL
¡Queremos ver una foto linda que hayas sacado durante tu viaje!
Paisajes, personas, gastronomía, experiencias o lo que vos elijas... ¡Todo suma!

Compartinos en comentarios 👇",714871509_1435419835278661_2394987961510043360_n.jpg (https://v5.airtableusercontent.com/v3/u/55/55/1783965600000/lRef759AB4an4S8UPmOteQ/Cf8724ZK6joO-eKRmEgn11xkPyMwHJ5k0PoxnqFCshmVZKYlSpZm9N0rr8RuosqzqL2yHya2bxdU0kEa7cO-F0_-cHj6-sEeY_WbWs46kWoWHBs2tOD_jsvH-avUQ-olGkvy5Ls01FDEz35Re0mCKOQF2uWetJ0sjK5D-sScv3poXD96EO_CSEI6XeNsMOovTtC1nv9fPrg2ivY7gPRC5A/Ji9Tma0ZPfvNIaW79yjdCAUk4Q3DySBrvU18lDZ8Zf0),3/6/2026,PUBLICADO ,,FACEBOOK,,,,,,,,
,Visita de la Sole (historias) ,"¡GANATE UN VIAJE A ESQUEL: SORTEO 100K! 🤩
Estamos increíblemente felices por la comunidad que formamos acá. Para celebrar y agradecerles, armamos este tremendo sorteo: “100.000 Veces Gracias” ✨

1º Premio: Vuelos, estadía y excursiones para 2 personas.
2º Premio: Estadía y excursiones para 2 personas.

¿Cómo participar? ¡Es súper fácil!
✔ Seguir nuestra cuenta.
✔ Darle ""Me gusta"" a esta publicación.
✔ Mencionar en los comentarios a esa persona con la que te encantaría compartir esta aventura.

🗓️ ¡El martes 16 de junio a las 11:00 hs anunciamos a las dos personas ganadoras en nuestras historias!

📜 Revisá las Bases y Condiciones en nuestra historia destacada ""Sorteo"".

#Esquel #Patagonia #Sorteo #PatagoniaArgentina #100K",LA Sole Reel definitivo este si o si si.mp4 (https://v5.airtableusercontent.com/v3/u/55/55/1783965600000/-Uq6NWd7V2F749-pGgNk3g/9eEb-M1yOk3zbsQ9IJpLTxBkO567yh_PJ3sbWI8FJTNr8K2kR5jJTRh-HAkDbob3Mok30zug1ZwYh8FT03fHGDIsbkzGeKA4eTEaGp5aZD9pND_WXuVIbxBBeCZwF-E4er9BxllT6kVAn0LJlz2TomJ6Icf_UzX29VUv2D6Za518RWZ3Kmgvg8Nftfn5X5H9/JCinXCkf_tPZXJYOIoT4HsDch1PmMoaQOg6GAaqS1t8),4/6/2026,PUBLICADO ,CULTURAL,INSTAGRAM,,,,,,,,
,sorteo ,"¡GANATE UN VIAJE A ESQUEL: SORTEO 100K! 🤩
Estamos increíblemente felices por la comunidad que formamos acá. Para celebrar y agradecerles, armamos este tremendo sorteo: “100.000 Veces Gracias” ✨

1º Premio: Vuelos, estadía y excursiones para 2 personas. 
2º Premio: Estadía y excursiones para 2 personas.

¿Cómo participar? ¡Es súper fácil!  
✔ Seguir nuestra cuenta. 
✔ Darle ""Me gusta"" a esta publicación.
✔ Mencionar en los comentarios a esa persona con la que te encantaría compartir esta aventura.

🗓️ ¡El martes 16 de junio a las 11:00 hs anunciamos a las dos personas ganadoras en nuestras historias!
📜 Revisá las Bases y Condiciones en nuestra historia destacada ""Sorteo"".
#Esquel #Patagonia #Sorteo #PatagoniaArgentina #100K
",,4/6/2026,PUBLICADO ,,INSTAGRAM,,,,,,,,
,invierno - parque ,"❄️ UN DESTINO DE INVIERNO QUE LO TIENE TODO
Planificá tus vacaciones y vení a descubrirlo, porque Esquel es nieve, es diversión y es naturaleza pura. Pero también es paisajes inmensos, aire limpio, tardes de mates y una gastronomía patagónica que te va a enamorar. 🏔️✨

 Dejanos tu duda en los comentarios. 😊

#Esquel #Patagonia #EsquelTeHaceBien #InviernoEnLaPatagonia #TurismoArgentina",TORRECILLAS-ALERZAL_GLAXIAR-65.jpg (https://v5.airtableusercontent.com/v3/u/55/55/1783965600000/FCG_k0aSkRVlFiY61sfCRQ/GrE8kM28FalmIcvIwaAAM12-YdN-WRyT4vpgYJUIujWxGOdQ1nJrNWhXO4xAtmbWVvim40X9PZA5RTH3o_qNbFXL0mKqr9iknE-ptQcTgQPRJh6tfdDufUNfBwuZl0MdmwFR0PRHYRdbztJNw1ms4TmbltL_CnS507DPT6mjNr3leSLlXeQ1fVfU_Kgur7MH/JIA3RbncAZY_8r2-8Y9QqfqswcY3--WcyqWbFI77BdQ),6/6/2026,PUBLICADO ,"AVENTURA,INVIERNO,GLACIAR TORRECILLAS","INSTAGRAM,FACEBOOK",,,,,,,,
,Laguna Willmanco,"¿SABÍAS POR QUÉ SE LLAMA LAGUNA WILLMANCO? 👇

Hay lugares que invitan a frenar, respirar y simplemente contemplar. Este espejo de agua cristalina al pie del Cerro 21, rodeado de montañas y naturaleza pura, es uno de ellos. Pero también esconde una historia particular.
 
¡Su nombre viene de un vecino real! William J. Roberts, un pionero galés que eligió Esquel para vivir. Como a William le faltaba un brazo, en el pueblo lo llamaban ""Will, el manco"". Con los años, el lenguaje popular unió las palabras y rebautizó la laguna como la conocemos hoy. 📜

#Esquel #EsquelTeHaceBien #LagunaWillmanco #PatagoniaArgentina","view (https://v5.airtableusercontent.com/v3/u/55/55/1783965600000/5yTgx4v1Pllb4raFLcK-mA/etfMDdpUeCLb0WleQ3SAEk1qB0QhIVgaR43qQVOv_Zt0XAxkVR6y4kzKsqLaRWTTRa4kygxHQmB6T7CHm_LuwEePchpZ6odYTQB0cd5FHxvyohErdPVfH1enuGd6OtlSnzjjCX5AXWMa29RjBFQYVg/iQmPlyDR-ujQhTXYWNpZsRtTMLWr7Gim44zGueEhgQY),WILLMANCO Y CIUDAD PANORÁMICA.jpg (https://v5.airtableusercontent.com/v3/u/55/55/1783965600000/inlBvFGpTTjpIIQCyF8Nqw/W7qJyxWgCF3j1ClRAp1UegenIIRQquydBV0m03gkYE7WwDTWeM3urMB1fgja-hriDzOB4iGBI7Eovj7eKZ7ypQ5qsp-ts3w-Gs6izCrRy6GCu4KYsdb1OQTKRY4q5GcUZaBoy14UMIk3Hw9s2-JACyaWovfICdSt6ZhSmCrQP86Vy5J3NJnKaoCztVifmuDy/02C6IcgfoRNblVa8WsFO-Eyii1Jd68MD_qmDF8RT6vE)",9/6/2026,PUBLICADO ,"CIUDAD DE ESQUEL,NATURALEZA","INSTAGRAM,FACEBOOK",,,,,,,,
PAUTA ,PRODE - Carrusel," ¡ESQUEL MUNDIAL! 🏆
Llegó el momento que estabas esperando. Si sos de los que sienten que la tienen clara con el fútbol, llegó la hora de demostrarlo en nuestro PRODE oficial y ¡ganarte $1.000.000! 💰⚽

Participar es 100% GRATUITO y re fácil. Seguí estos pasos:
1️⃣ Seguí a @turismoesquelok.
2️⃣ Dale LIKE a este post.
3️⃣ Completá el formulario que se encuentra en el QR y ¡recibí automáticamente el enlace para pronosticar los resultados de los partidos! Tenés tiempo desde hoy, martes 09 de junio. 

💡 TIP PARA GANAR: si hay empate en el primer puesto, ¡desempatamos sumando puntos subiendo fotos de Esquel a tus redes! 
Chequeá los detalles en las BASES Y CONDICIONES ancladas en historias destacadas. 😉

#EsquelMundial #Prode #Esquel #TurismoEsquel #Fútbol #Mundial2026 #Chubut #EsquelTeHaceBien

",,9/6/2026,PUBLICADO ,,,,,,,,,,
PAUTA ,PRODE face /  carrusel quitar ultima placa ," ¡ESQUEL MUNDIAL! 🏆
Llegó el momento que estabas esperando. Si sos de los que sienten que la tienen clara con el fútbol, llegó la hora de demostrarlo en nuestro PRODE oficial y ¡ganarte $1.000.000! 💰⚽

Participar es 100% GRATUITO y re fácil. Seguí estos pasos:

1️⃣ Dale LIKE a esta publi
2️⃣ Seguinos en Instagram www.instagram.com/turismoesquelok
3️⃣ Completá el formulario acá 👉 https://forms.gle/YSG8R8J1nvUpR1MV8 ¡recibí automáticamente el enlace para pronosticar los resultados de los partidos! 
Tenés tiempo desde hoy, 10 de junio.

💡 TIP PARA GANAR: si hay empate en el primer puesto, ¡desempatamos sumando puntos según las fotos que tengas de Esquel en tu feed! 
Chequeá los detalles en las BASES Y CONDICIONES 😉

#EsquelMundial #Prode #Esquel #TurismoEsquel #Fútbol #Mundial2026 #Chubut #EsquelTeHaceBien",,10/6/2026,PUBLICADO ,,,,,,,,,,
,Esperar y ver como reacciona el concurso ,,,,,,,,,,,,,,
,La Trochita,"¿QUERÉS SENTIR QUE VIAJÁS EN EL TIEMPO? 🚂

El emblemático tren La Trochita, que sale de Esquel rumbo a Nahuelpan, te invita a una aventura única: locomotora a vapor, pisos de madera, paisajes patagónicos y un recuerdo inolvidable.

🎫 Anticipate y comprá tu ticket en latrochita.org.ar

¡Descubrí Esquel! 🏔️
Estamos para ayudarte a planificar tu viaje
+54 2945 529616

#Esquel #LaTrochita #Patagonia #TurismoArgentina #Viajes","view (https://v5.airtableusercontent.com/v3/u/55/55/1783965600000/4JcoHW4R2l0CR2GPxgu_bw/Qk2C9VPCu7vWMbJpeiEimyBRF3grGg7ebEBhSBfi65fxVTrZvVa3_oI2SMF4Zz-xdD5uPI_fI_OI6LxbKAd6wl1eERuuuMR1bA9K_orOe1OoKjm8OqDBNgqFgmV_r_fF25V45E6H5h88tMZNBpKZ0A/hd9_Y639S7vkN-lwGBYKvD6kaIFBu7X5GMD65eRs7j0),DSC04542.jpg (https://v5.airtableusercontent.com/v3/u/55/55/1783965600000/vxCgvTvKSkCwrF-aK1n4LA/nvI22kGgMiSywIaDawei8Qietyt4Za6mquAoM5q8xUg377AIAK-j4brqkEJxZoJt-BOSTs0ZF2WQHB_vRAQF1jSDfHbpPGXibnCmBLniol_PMSX-9JyMa0vbfMHDJOKeqgdwptcH-e--lEGO8pm_4u-P-MNW81kC3TghNidAJc0/V1-Cb8Hi7OXz805cPZwOBOyXlvz28N3yC1C1Wx-vSgM)",11/6/2026,PUBLICADO ,"CULTURAL,LA TROCHITA","INSTAGRAM,FACEBOOK",,,,,,,,
,Lago Menedez  (editar +musica) ,"HAY LUGARES QUE NO SE EXPLICAN, SE SIENTEN. ✨

En las aguas del Lago Menéndez el tiempo pasa sin apuro. Venir acá es desconectar de verdad: sin pantallas, sin prisas, sin ruidos. Solo vos, la inmensidad de la Patagonia y un respiro profundo. 

¿Con quién compartirías este momento de paz total? Etiquetalo 👇

📍 Parque Nacional Los Alerces - Patrimonio Mundial de la UNESCO.

#Esquel #PatagoniaArgentina #ParqueNacionalLosAlerces #EsquelTeHaceBien #Naturaleza","IMG_0054.mp4 (https://v5.airtableusercontent.com/v3/u/55/55/1783965600000/xXBMYMkfDpZjSuUdwzlqdw/jxaWh6-t-FqQ3CpEA9Q2HlcsVpBjfSxP8JttAYgl090yMyQoYKF-b3fDQZwiGqxoE-7mGXUft58lrOd1XOAZKaxb7rc78P-SsCXXAmM7CSO6-jvOQYdMy2d5t9TLHLYRnel8oWoJev0R4JNPbjdo9mdR1loSPm-U-hW0hp_6BRE/j3cAjcqu1sOu31qSACVfTDMnPr-4vkyVBiuqpuf3adI),IMG_0054.mp4 (https://v5.airtableusercontent.com/v3/u/55/55/1783965600000/DRvcz6nR_zGGn3zzQ38CJQ/GVlfsJ5wCscsxsl0Rlq01TLchB_xPJtUP61ddJ-ypqP9Dy1Uiq0auKsBajduoDwUreExXU13mFUH6rDZhfApKL9nT2vg5uCPOQz6AiQ8JGMHS5ATpLNYbpKeeLaIXO2di7rh4gd0IyfcFGXbFcaj2oLWr6zLj96X1oBs8IxSlGg/m22--DKYb3dEoVW0BqiCiYiR8QCUkrvpNB7iDCOM-9k)",12/6/2026,PUBLICADO ,"INVIERNO,PARQUE NACIONAL LOS ALERCES","FACEBOOK,INSTAGRAM,TIKTOK,YOUTUBE",,,,,,,,
,Primera nevada,"❄️ ¡PRIMERA NEVADA EN EL CERRO LA HOYA!

Llegó la primera nevada y el invierno empieza a pintar de blanco los paisajes de Esquel. 

⛷️ La Hoya cuenta con 30 pistas, 8 medios de elevación. Por su cercanía, su perfil familiar y la competitividad de sus tarifas se posiciona como uno de los destinos invernales más atractivos de Argentina.

La temporada empieza a sentirse. ¡No te quedes afuera y reservá tus pases! 
Tarifas disponibles en: skilahoya.com

#Esquel #LaHoya #Esquí #CerroLaHoya #Invierno2026",,12/6/2026,PUBLICADO ,"INVIERNO,LA HOYA",,,,,,,,,
,Bahía de los palos ,"EL VALOR DE LO SIMPLE ❄️
 
En esta época del año, caminar sin apuro y sentir el aire fresco en la cara tiene una magia especial.
Porque la Patagonia es hermosa, pero compartirla en buena compañía hace que el invierno sea el momento más cálido del año. ❤️

📍 Bahía de los Palos, Parque Nacional Los Alerces.

#Esquel #ParqueNacionalLosAlerces #PatagoniaArgentina #Invierno26 #Senderos",Video con música.mp4 (https://v5.airtableusercontent.com/v3/u/55/55/1783965600000/JSUNDkbqgtbEyZa0FVb8mA/nwHOfN-JjEK9DG4YIyWTCEYPnvDYQn6RFVl2hAtmvH9QOWZJkZnYvSMdUJ_2xl62zEU7fYR0a-Z_HuspkDbeKx3NX-wR5Jpd8bmPMOIUsHtC20TwwVefcz6Ibjk2dZVA9zSXrJcZy3_p9dItw0sYYJ-qPpTG2gbCRutJI3ULDZI/doKTXTHNGD-d1Y4999YvBchJP9vARz1TYDECtlEDo3k),13/6/2026,PUBLICADO ,"PAISAJE,PARQUE NACIONAL LOS ALERCES","FACEBOOK,INSTAGRAM,TIKTOK,YOUTUBE",,,,,,,,
 * ,Tren+ nieve + cosas ricas ," ¡ANTOJOS DE INVIERNO!  ❄️

Hay dos cosas que nos vuelven locos del invierno en Esquel: los paisajes nevados de película y sentarnos a comer algo rico para pasar el frío. 

¡Esa combinación perfecta sí existe y te espera en Esquel! 
Subirse a La Trochita y admirar el paisaje mientras disfrutás de cosas ricas, es todo lo que está bien. 🧉🎂

¡Consultanos por frecuencias y anticipá tus pasajes del tren! 📩

#Esquel #PatagoniaArgentina #LaTrochita #Nieve #EsquelTeHaceBien","DSC09845-11.jpg (https://v5.airtableusercontent.com/v3/u/55/55/1783965600000/Mu5E2dI8K2aFQuEkamZhtw/lTODSOu8EKmfQwMHWog7AUjy8DD7Ch3lZ18o5lqkvUbWHfWmUM9crC9k_OWnUXucTmxafOUaPKVsSW33QcMt7poDNfh-g7Rcr8H9s2OScAnAg2qynIxMTRBREmXTm7cg5vjf1ixO2tjtDXj8gp25i1BJQV4fELPx3ZHHWG7nWeg/AD0VqHcuIvqRmroXog_EhCCl-zgP93Zdbq9-zQL3fqE),Reel Trochita (4).mp4 (https://v5.airtableusercontent.com/v3/u/55/55/1783965600000/yUeX_DBGDUUPXk7xUbW39A/0UBXe-ErXMiZrS1RMTFwDw8T8zHwZ9usUI6ElXsktTEvATZn9AnKmAxSAYqZoodeEKFbsrqhVJ0uDaL918qR4mvF3U2ixs0Wc0ivx-GtJ0G7GdBjmjqPq_w0SMbzW9RrEfXxvAl4uC5kv-wisaW28QuTAsecIeCg335aRsl962I/ZAz1y4Yg8i_HhLrGhO3UT4sLVCMyqvSdzLxEKyyDioA)",15/6/2026,PUBLICADO ,"GASTRONOMÍA,INVIERNO","FACEBOOK,INSTAGRAM,TIKTOK,YOUTUBE",,,,,,,,
PAUTA  ,"📍 Durante agosto, septiembre y octubre a través de Aerolíneas Argentinas:",,,,,,,,,,,,,,
PAUTAR  ,VUELO COR-EQS,"¡CÓRDOBA Y ESQUEL MÁS CERCA QUE NUNCA! 🤝

Volvió la ruta directa COR-EQS. 
¡Sí, leíste bien! En solo 2 horas podés estar respirando el aire puro de nuestra Patagonia y disfrutando de planes imperdibles. 🏔️✨

Vení y dejate maravillar por el imponente Parque Nacional Los Alerces, reviví la historia en el mítico tren La Trochita o enamorate de los colores de Trevelin y su campo de tulipanes. La aventura que buscás te está esperando acá.

Uniendo rumbos con @aerolineas_argentinas ❤️

Escribinos para conocer más detalles y empezá a diseñar tu próximo viaje. 💬

#Córdoba #Esquel #PatagoniaArgentina #AerolíneasArgentinas #Invierno2026",,16/6/2026,PUBLICADO ,,,,,,,,,,
,historia ,ultimas horas para participar ,,16/6/2026,PUBLICADO ,,,,,,,,,,
,Alerzal Mileneraio ,"ÚNICO EN EL MUNDO 🌍

Una toma no alcanza para dimensionar su verdadera inmensidad. El alerce, nuestro gran protagonista del bosque, se eleva imponente recordándonos que la belleza incalculable existe y vive acá, en este rincón del planeta: el Parque Nacional Los Alerces.

💡 Tips para tu visita:
¡Podés hacer esta excursión durante todo el año! 📅 
Prevé contar con abrigo y calzado apropiado para caminar. 🥾 
Consultá frecuencias, horarios y reservá tus boletos con anticipación. 🎫

#Esquel #PatagoniaArgentina #LosAlerces #Naturaleza #Invierno26",IMG_9503.MOV (https://v5.airtableusercontent.com/v3/u/55/55/1783965600000/lzaD7OGIEv44qjquE5Scmw/MKSlr4ibNq6ziNcq9qKh1xCznUcUjQMTAHTsmJD2gS3nAuK0O8mzT9pqypvEVS9jyxDhGV1X57qc-MeUnjpVDt7IYDZe7oDXxst8Wbu6OosyUmaoBHE3IepdZkiW3GY5u_9NaWt3Uud0D3Wv14MXwt0nMfwWTTmc2lBx8EMUStg/lteVm0Q9SGsbBSn1IG_U8d7smOSEJnf5y4eoWQrSo_8),17/6/2026,PUBLICADO ,"ALERZAL MILENARIO,PARQUE NACIONAL LOS ALERCES",,,,,,,,,
,ESQUEL + TREVELIN primera publi,"ESQUEL Y TREVELIN: LA MAGIA SE DUPLICA ✨

Un viaje que se vuelve inolvidable y que te va a dejar con ganas de volver por más. 

¿Qué te espera en esta escapada? 👇
🏔️ Adrenalina en la montaña, ya sea en La Hoya o en Sierra Colorada.
🍷Sabores tradicionales y una gastronomía que te va a sorprender.
🚂 Historia viva de la cultura galesa, mapuche y tehuelche,
a bordo de La Trochita o en el Molino Harinero y 
🌷 Paisajes de película en los sitios geológicos de Esquel, entre los miles de tulipanes en Trevelin o en un bosque milenario en el Parque Nacional Los Alerces.

¡Escribinos para conocer todas las alternativas!

#Trevelin #Esquel #PatagoniaArgentina #Invierno26",,17/6/2026,PUBLICADO ,,,,,,,,,,
,CANOPY ,"¿BUSCÁS QUÉ HACER ESTA PRÓXIMA TEMPORADA?

Te dejamos una propuesta: combinar la magia del bosque patagónico con un toque de emoción.
Recorrer las plataformas de canopy te hará sentir parte de la naturaleza de una manera súper divertida. Y como toda buena jornada en la cordillera termina con algo rico, un té de campo casero te espera al finalizar el recorrido para recargar pilas. 🫖🍰

📝 Reservá tu lugar antes de venir.

📍 @pueblo_alto_lodge

#EsquelTeHaceBien #Esquel #PatagoniaArgentina #Canopy #invierno26 ",IMG_9200.MOV (https://v5.airtableusercontent.com/v3/u/55/55/1783965600000/vY4M6lITU3wm-iHFW45Tvg/lRdx48EX-FiuQ8yaaU1hIVer3-ogyAbg3XDPd2R7W_mo8O-oSDo98Iv4eqkSVdC0TG4Z07zzSo62UYWga34juufJnYOjTEdvKcocP36PHkTJS-RfT32K3xmHDXTzBYK4uam_kiJHOfT_v7UReCaTC47fZC9WQAEM41PzuqIGlrY/oeur3rToK0NihdiWn2ALtfaTHnz2YmKoUbNUd3CzFBI),19/6/2026,PUBLICADO ,"AVENTURA,INVIERNO","FACEBOOK,INSTAGRAM,TIKTOK,YOUTUBE",,,,,,,,
,Esquel / fotos  ,"Esquel, un escenario que parece detenido en el tiempo. 
El aire puro que invita a respirar más profundo y una calma que se siente en cada rincón.

Al hacer senderismo descubrís que, en cada paso, la naturaleza tiene algo nuevo para mostrarte. 

¡Planificá con nosotros tu viaje!

#Esquel #Senderismo #PatagoniaArgentina #Invierno #Trekking",image.png (https://v5.airtableusercontent.com/v3/u/55/55/1783965600000/5ZwkZzYhH162tKabRwmNoA/2HfvLAKxbKyErxCnTTnCBgiI8uOO6JjKuMwHgP3Ag40vILx51kCrlwYMB5l77t_arJzRryMnSy4pemLpsxImeWfBid7Ox64uK3Z0q4IMYWmhNvYBOtlTszXRKj3AreV4l2FQHpE9I7O4N6FQxjJ0Ng/5UNrzb6YwqCAOG9JsQCwkmPpEIRNnFI8yQIw0kMm5LY),20/6/2026,PUBLICADO ,"PAISAJE,INVIERNO","FACEBOOK,INSTAGRAM",,,,,,,,
Historia,DIA DEL PADRE,Diseño ya pedido,,21/6/2026,PUBLICADO ,,,,,,,,,,
,,(Brem) Para tener en cuenta: ¿Hay algún contenido de Mundial y cómo festeja la ciudad de Esquel que podamos grabar?,,,,,,,,,,,,,
PAUTA ,LA HOYA FAMILIA   ( con  video),"Pistas seguras, la mejor calidad de nieve y una ciudad cerca de todo para que descansar y disfrutar sea sencillo. 

¡Las mejores vacaciones familiares están en Esquel!

📲 ¡Consultanos! +54 9 2945 529616

#Esquí #LaHoya #Invierno2026 #Esquel #PatagoniaArgentina

(La URL del anuncio dirige a: https://www.esquel.tur.ar/blog/la-hoya-en-familia-el-mejor-lugar-para-disfrutar-las-vacaciones-de-invierno )
",,22/6/2026,PUBLICADO ,"INVIERNO,LA HOYA","FACEBOOK,INSTAGRAM,TIKTOK,YOUTUBE",,,,,,,,
Posteo  - * ,Trochita https://drive.google.com/file/d/1EWsYL9_oPMVywdRQ3Ca-uFysms1flCGK/view?usp=drive_link (en instagram se subiría partido en 2 verticales paras deslizar),"Si buscás unas vacaciones de invierno diferentes, Esquel te espera con uno de los paseos más emblemáticos de la Patagonia y paisajes que parecen sacados de un cuento.

🎫 Planificá tu visita y reservá tu pasaje con tiempo en: latrochita.org.ar

¡Viví la magia del invierno en Esquel!

#Esquel #Invierno2026 #LaTrochita #Trenes #PatagoniaArgentina ",,23/6/2026,PUBLICADO ,"CULTURAL,LA TROCHITA,INVIERNO","FACEBOOK,INSTAGRAM",,,,,,,,
Reel,https://drive.google.com/file/d/1j4zdgUVHJY0XKCJxTj7BKDxzpUD9ATcC/view?usp=sharing,"Feliz cumple @leomessi 🩵
¡La Patagonia y Esquel te esperan!

#patagoniaargentina #messigoat #messi #CumpleLEO",,24/6/2026,PUBLICADO ,,"FACEBOOK,INSTAGRAM",,,,,,,,
PAUTA,LA HOYA AMIGOS ,"No más excusas. Esquel tiene el plan perfecto para tu grupo de amigos: la mejor nieve de la Patagonia en La Hoya y el paisaje que necesitan para desconectar. ¡Es ahora!

Consultanos: +54 9 2945 529616

#Esquí #LaHoya #Invierno2026 #Esquel #PatagoniaArgentina 

👉 https://www.esquel.tur.ar/blog/nieve-de-calidad-buenos-precios-y-excelentes-pistas-descubri-la-hoya-con-amigos",,24/6/2026,PUBLICADO ,"INVIERNO,LA HOYA","FACEBOOK,INSTAGRAM,TIKTOK,YOUTUBE",,,,,,,,
Historia,https://drive.google.com/file/d/1YimzQlRZCH0K_2vsRqghDoMOSrt5sfIB/view?usp=drive_link,Podemos sumar link a: https://www.esquel.tur.ar/blog/la-hoya-en-familia-el-mejor-lugar-para-disfrutar-las-vacaciones-de-invierno,,25/6/2026,PUBLICADO ,"INVIERNO,LA HOYA","FACEBOOK,INSTAGRAM",,,,,,,,
Reel,DOWNHILL - Bicileta,"DOWNHIILL: CUANDO LA MONTAÑA ES TU ESCENARIO 🚵🏼

El Cerro “La Cruz” es más que un simple atractivo: es un escenario natural único en donde el deporte no para de crecer. Acá, la adrenalina del DownHill se combina con paisajes patagónicos y se vive durante todo el año. 

""La Cruz"", cuenta con Cóndor I y El Flow, dos circuitos especializados y trabajados para quienes buscan adrenalina a flor de piel. 

Si amás el Downhill tenemos una buena para vos: en septiembre hay novedades de la mano de los Juegos de Montaña y en noviembre se realizará el Patagónico en Esquel.

¿Vas a seguir entrenando en la ciudad? Mejor entrená en Esquel 😉

#downhill #ciclismo #deportes #esquel #patagoniaargentina",,25/6/2026,PUBLICADO ,"AVENTURA,DEPORTIVO","FACEBOOK,INSTAGRAM,TIKTOK,YOUTUBE",,,,,,,,
PAUTA ,LA HOYA PAREJA  (van sin titulo a ver que pasa...) ,"Tiempo y nieve de calidad en una ciudad que te abraza
Venís por la montaña, te enamorás de todo lo demás.

📲 ¡Consultanos!: +54 9 2945 529616

#Esquí #LaHoya #Invierno2026 #Esquel #PatagoniaArgentina ",,26/6/2026,PUBLICADO ,"INVIERNO,LA HOYA","FACEBOOK,INSTAGRAM,TIKTOK,YOUTUBE",,,,,,,,
Pauta,https://drive.google.com/file/d/10chxhI5YLMxde-AgdRuGcCZcZcs6jbOt/view?usp=sharing,"¿Conocías este mirador del lago Futalaufquen?

El sendero Pinturas Rupestres, además de presentar un recorrido que combina naturaleza e historia con huellas que el tiempo no pudo borrar, te sorprende cuando subís al mirador.
Inmensidad, aire puro y un momento de paz que pocas veces se repite.

¡Vení a descubrirlo!
📍 Parque Nacional Los Alerces - Patrimonio - UNESCO

#Esquel #PatagoniaArgentina #TurismoAccesible #PinturasRupestres #Patagonia",,27/6/2026,PUBLICADO ,"SENDERO,NATURALEZA,PARQUE NACIONAL LOS ALERCES","INSTAGRAM,FACEBOOK,YOUTUBE,TIKTOK",,,,,,,,
Historia,La Hoya,https://drive.google.com/file/d/1YVyooRtm5K77MetAruaF_Mp5tZ8Injyo/view?usp=drive_link,,28/6/2026,PUBLICADO ,"INVIERNO,LA HOYA","FACEBOOK,INSTAGRAM",,,,,,,,
Posteo,SKI https://drive.google.com/file/d/1PEKRO2ChcHbahZAudbI-PDScOgMbnTpg/view?usp=drive_link ,"👨‍👩‍👧‍👦 EL VIAJE EN FAMILIA QUE SOÑÁS ESTÁ EN ESQUEL 

¿Buscás nieve real, diversión para todos ? El centro de esquí La Hoya te espera con un entorno seguro, amigable y a solo minutos de la ciudad.
⛷️ 30 pistas para todos los niveles, desde principiantes hasta expertos.
🚠 8 medios de elevación para que disfrutes más y esperes menos. 
🎒 Escuela de esquí y snowboard + alquiler de equipos en el cerro. 
🍲 Gastronomía de montaña riquísima para recargar energías. 
❄️ Y lo mejor de todo: la nieve polvo con la mejor calidad de la Patagonia.
¡No dejes para después los mejores recuerdos de tus hijos!

🎫 Pases ya disponibles en skilahoya.com

#Esquí #LaHoya #Invierno2026 #Esquel #PatagoniaArgentina #TurismoFamiliar",,29/6/2026,PUBLICADO ,"INVIERNO,LA HOYA","FACEBOOK,INSTAGRAM",,,,,,,,
Historia,Invierno,https://drive.google.com/file/d/1hr4-wm-3ewAlN7YCSfPPqfqFmWWklf8n/view?usp=drive_link,,30/6/2026,PUBLICADO ,"INVIERNO,LA HOYA","FACEBOOK,INSTAGRAM",,,,,,,,
Posteo,Invierno: https://drive.google.com/file/d/14nKLVw20famVAzGy7TCfZSGlxyDKmiZb/view?usp=drive_link,"Este invierno, ¡regalate las vacaciones que te merecés!
Esquel es tranquilidad y paisajes que enamoran... Acá el verdadero encanto está en lo que sentís. 💙

RNU Laguna La Zeta - Esquel 

#Esquel #PatagoniaArgentina #VacacionesDeInvierno #Invierno2026 #nieve",,30/6/2026,PUBLICADO ,"INVIERNO,PAISAJE,La Zeta","FACEBOOK,INSTAGRAM",,,,,,,,
Reel,https://www.instagram.com/turismoesquelok/,"¡Llega la nieve a Esquel y nosotros somos felices!

#esquel #patagoniaargentina #invierno2026 #vacacionesdeinvierno❄️",,30/6/2026,PUBLICADO ,"CIUDAD DE ESQUEL,INVIERNO","INSTAGRAM,FACEBOOK,YOUTUBE,TIKTOK",,,,,,,,
,,,,,,,,,,,,,,,
Posteo,https://drive.google.com/file/d/1Q19Ac_S3tunpdN6_HjzRqL5OqDjugBEq/view?usp=drive_link,"¿Tenés lista tu cámara para sacar las mejores fotos? 📸🏔️

El Parque Nacional Los Alerces se transforma en cada temporada para que lo vivas de una manera completamente diferente. Y el Glaciar Torrecillas es, sin dudas, uno de esos lugares que hay que visitar. 

Prepará la cámara (y el abrigo) porque cada rincón es una postal que te va a volar la cabeza.

¡No te quedes afuera! 
Reservá tu lugar escribiendo a @glaxiar 👈

#GlaciarTorrecillas #ParqueNacionalLosAlerces #Invierno2026 #Esquel #PatagoniaArgentina",,2/7/2026,PUBLICADO ,"PARQUE NACIONAL LOS ALERCES,GLACIAR TORRECILLAS,INVIERNO","FACEBOOK,INSTAGRAM",,,,,,,,
Historia,La hoya,https://drive.google.com/file/d/1Xx4C67I0l6MKc_zgbpFsfx3WXMD1xHs-/view?usp=drive_link,,2/7/2026,PUBLICADO ,"INVIERNO,LA HOYA","FACEBOOK,INSTAGRAM",,,,,,,,
Posteo,https://drive.google.com/file/d/1qCubcHMYFAWc-O3OS3wm6YrvNTsHuW9q/view?usp=drive_link,"El invierno se disfruta mucho más cuando hay tiempo para compartir.

Vivir un día en La Hoya, donde cada bajada es una risa compartida, y saber que al final de la tarde la ciudad los espera con toda su calidez para coronar un día perfecto. ❤️

Este invierno, encontrémonos en Esquel. ⛷️✨

#Esquel #LaHoya #Invierno2026 #PatagoniaArgentina #TurismoArgentina #EscapadaEnPareja",,3/7/2026,PUBLICADO ,"INVIERNO,LA HOYA","FACEBOOK,INSTAGRAM",,,,,,,,
Historia,Córdoba (sumamos link a la web en el área de abajo),https://drive.google.com/file/d/1yb-AozXCdkO60J-n48TspHCVAHXk5fAl/view?usp=drive_link,,3/7/2026,PUBLICADO ,"CÓRDOBA,CIUDAD DE ESQUEL","FACEBOOK,INSTAGRAM",,,,,,,,
Reel,Semana de la dulzura,"Feliz Semana de la Dulzura 🍫
Sorprendé a esa persona especial con algo rico, acá en Esquel siempre hay una excusa para endulzar el día.

#Semanadeladulzura
#Esquel
#chololates
#patagoniaargentina
#invierno2026

@dulzurasdeesquel
@heladeria.serenata
@delturista.esquel
@chocolatesbraese
@lacarameleriaesquel
@lagalesachocolateria",,5/7/2026,PUBLICADO ,CIUDAD DE ESQUEL,"FACEBOOK,INSTAGRAM,TIKTOK,YOUTUBE",,,,,,,,
Carrusel,https://www.canva.com/design/DAHLt2AgO_k/PDe9UbCUYE2LtWK6yySRZw/edit,"✈️ Volá directo de Córdoba a Esquel y viví la Patagonia de una manera más tranquila, exclusiva y natural. 

Disfrutá de la nieve sin filas eternas, con la calidez de nuestra gente y con todo el tiempo del mundo para conectar con Esquel a tu propio ritmo.

🛫Aprovechá el vuelo directo de Aerolíneas Argentinas durante agosto, septiembre y octubre.
👉 Sale los jueves desde Córdoba y desde Esquel los lunes.

#Esquel #PatagoniaArgentina #invierno2026 #vacacionesdeinvierno",,4/7/2026,PUBLICADO ,"CÓRDOBA,CIUDAD DE ESQUEL","FACEBOOK,INSTAGRAM",,,,,,,,
,,,,,,"CIUDAD DE ESQUEL,INVIERNO","FACEBOOK,INSTAGRAM",,,,,,,,
Posteo,https://drive.google.com/file/d/1BraJr8dS6z5xwCRxl5_Wm-Taw-BV1_fy/view?usp=sharing,"Este invierno, el viaje de tus sueños tiene mil formas de vivirse y todas empiezan acá. 👇

Aventura pura: disfrutá del esquí, las caminatas con raquetas, el canopy, el trekking y las cabalgatas inolvidables.

Historia viva: viajá en el tiempo a bordo de La Trochita y recorré los distintos museos de la ciudad.

Sabores únicos: date ese gusto patagónico, dulce o salado, que reconforta el alma.

Naturaleza imponente: descubrí un bosque milenario y un glaciar en transformación en el Parque Nacional Los Alerces, o los vestigios de un antiguo volcán en Piedra Parada.

¿Lo mejor?, no tenés que elegir; ¡todo te espera desde un solo lugar!

📍 Esquel, la ciudad que lo tiene todo para tus vacaciones ideales.

#Esquel #PatagoniaArgentina #invierno2026 #nieve ",,6/7/2026,PUBLICADO ,"CIUDAD DE ESQUEL,INVIERNO",,,,,,,,,
Reel e historia,Video Cóndor con música ya elegida,"Uniendo el cielo y la tierra. 

El cóndor andino es un símbolo sagrado y una leyenda viva asociada a la sabiduría, la fuerza vital y la libertad.

Cada 7 de julio, Argentina y toda Sudamérica conmemoran el Día Internacional del Cóndor Andino. Esta fecha no solo honra a una de las aves voladoras más grandes del mundo, sino que busca crear conciencia sobre su peligro de extinción.

En Esquel, tenemos el privilegio de levantar la mirada y verlos volar sobre nosotros; protegerlos es responsabilidad de todos. 

#CondorAndino #PatagoniaArgentina #Conservacion #AvesDeArgentina #Esquel


COMPLETAR. Hacer colaborativo con: https://www.instagram.com/suid_____/",,7/7/2026,PUBLICADO ,EFEMÉRIDES,"FACEBOOK,INSTAGRAM,TIKTOK,YOUTUBE",,,,,,,,
Posteo,PATRIMONIO UNESCO,"Un día como hoy, el Parque Nacional Los Alerces fue declarado Sitio de Patrimonio Mundial por la UNESCO. 

Una distinción que preserva, pone en valor y posiciona a nuestro parque a nivel mundial, con bellezas que solo encontrarás acá.

Vení a descubrir uno de los tesoros más increíbles de la Patagonia Argentina. 

#ParqueNacionalLosAlerces #UNESCO #Esquel #PatagoniaArgentina #TurismoArgentina",,7/7/2026,PUBLICADO ,EFEMÉRIDES,"FACEBOOK,INSTAGRAM",,,,,,,,
PAUTA - Reel,Reel en proceso https://www.youtube.com/watch?v=dJj0k96WEnI,"🤍 Regalate unos días inolvidables en Esquel.

El aire más puro combinado con la calidez de los habitantes.
Elegir este destino marcará una huella imborrable en tu corazón.

Este invierno, vení la Patagonia Argentina en Esquel.

#TurismoArgentina #Invierno2026 #Esquel #PatagoniaArgentina #Patagonia",,8/7/2026,PUBLICADO ,"INVIERNO,NATURALEZA,PAISAJE","FACEBOOK,INSTAGRAM,TIKTOK,YOUTUBE",,,,,,,,
Historia,Diseño en proceso,Día de la Independencia,,9/7/2026,PUBLICADO ,EFEMÉRIDES,"FACEBOOK,INSTAGRAM",,,,,,,,
Posteo,Insta: https://drive.google.com/file/d/1X2Q3wQCJ6-Agv9nmcgXhB6oky5XPoGc9/view?usp=drive_link Facebook: https://drive.google.com/file/d/127wD9OJIHzfLkms1fBVf--cJcAKYeWbi/view?usp=drive_link,"En el Parque Nacional Los Alerces, cada sendero, cada lago y cada rincón te invita a conectar con lo que verdaderamente importa.

Dejarse sorprender por la inmensidad de la naturaleza que transforma cualquier escapada en un recuerdo imborrable.

¡Planificá tu próxima aventura con nosotros!

#Esquel #ParqueNacionalLosAlerces #Patagonia #PatagoniaArgentina #Invierno2026

",,10/7/2026,PUBLICADO ,"NATURALEZA,PAISAJE,PARQUE NACIONAL LOS ALERCES","FACEBOOK,INSTAGRAM",,,,,,,,
Historia,https://drive.google.com/file/d/1zzQu__xiGSaEqfRjguW0IL3tCGAxpocb/view?usp=drive_link,Programar solo historia,,10/7/2026,PUBLICADO ,"INVIERNO,LA HOYA","FACEBOOK,INSTAGRAM",,,,,,,,
Posteo,https://drive.google.com/file/d/1lq8281_ZUBEcCRVEkCVvdqVCavjLTdvl/view,"HAY QUE RESUBIR A INSTAGRAM

Entre paisajes teñidos de blanco, montañas imponentes y el aire puro de la Patagonia, cada rincón transmite una calma que no vas a querer soltar.

Esquel es la ciudad perfecta para desconectar de la rutina y dejarse sorprender.

¡Te esperamos!

#Esquel #PatagoniaArgentina #Vacaciones2026 #Invierno2026 #EscapadaEnPareja",,11/7/2026,Programado,"CIUDAD DE ESQUEL,INVIERNO","FACEBOOK,INSTAGRAM",,,,,,,,
Posteo,https://drive.google.com/file/d/1tMXj-Myh-kztxDmewLvmG9QL7R568nHF/view?usp=sharing,"Una experiencia única y uno de los tesoros más increíbles de la Patagonia.

La excursión al Alerzal Milenario conecta con la naturaleza y la historia. En pleno recorrido por la selva valdiviana se destaca el ""Abuelo"", un imponente alerce con más de 2600 años.

Consultá el cronograma de salidas y sacá los boletos con anticipación.

Parque Nacional Los Alerces. 
Desde 2017, declarado Sitio Patrimonio Mundial Natural por la UNESCO.

#AlerzalMilenario #AlerceMilenario #ParqueNacionalLosAlerces #Esquel #PatagoniaArgentina",,13/7/2026,Programado,ALERZAL MILENARIO,"FACEBOOK,INSTAGRAM",,,,,,,,
POSTEO,Compartí tu foto en Esquel (diseño en proceso),"Hay momentos que no se explican con palabras. ❤️❄️

¡Queremos ver algún recuerdo que tengas de nuestra ciudad! 

Compartinos tu foto en Esquel en comentarios 👇 

#Esquel #PatagoniaArgentina #TurismoArgentina #Patagonia #Turismo",,14/7/2026,EDITAR IMAGEN ,"CÓRDOBA,CIUDAD DE ESQUEL","FACEBOOK,INSTAGRAM",,,,,,,,
Reel,https://drive.google.com/file/d/1z_GO71vjpL9br0QSHAWkxJNaIq8vuBF1/view?usp=drive_link,"El tiempo vuela y ya sabés lo que dicen: no dejes para mañana lo que podés disfrutar hoy. 😉

Vení a disfrutar de nuestros imperdibles de siempre y descubrí por qué Esquel es tu destino este invierno. 🏔️❄️

¿Tenés consultas? 🏔️📱
Escribinos al +54 2945 529616

#Invierno2026 #PatagoniaArgentina #Esquel #Nieve #LaHoya",,15/7/2026,OK PARA PUBLICAR,"CIUDAD DE ESQUEL,INVIERNO","FACEBOOK,INSTAGRAM,TIKTOK,YOUTUBE",,,,,,,,
Reel pauta,https://drive.google.com/file/d/1xCD6UlMaDOCOkoki4f_gkK4Bzoo-R0cw/view?usp=sharing,"
falta ",,16/7/2026,FALTA COMPLETAR ALGO,PARQUE NACIONAL LOS ALERCES,"FACEBOOK,INSTAGRAM,TIKTOK,YOUTUBE",,,,,,,,
Reel Eclipse,EN PROCESO,,,17/7/2026,FALTA COMPLETAR ALGO,Eclipse,"FACEBOOK,INSTAGRAM,TIKTOK,YOUTUBE",,,,,,,,
Posteo,https://drive.google.com/file/d/1gLfI6Nlk7yTLcgTQGLxJk9IJwmht7waD/view?usp=sharing,PNLA,,18/7/2026,FALTA COMPLETAR ALGO,PARQUE NACIONAL LOS ALERCES,"FACEBOOK,INSTAGRAM",,,,,,,,
Historia,https://drive.google.com/file/d/1riy3ZANGXIkMmXP1IqsEdr4m3dhAG-O5/view?usp=drive_link,Eclipse,,19/7/2026,FALTA OK MARCE,,,,,,,,,,
Reel,https://drive.google.com/file/d/14Rum40Px-OewzDig7DROVOJPV-NWmlUd/view,Sumar música + Copy pendiente,,20/7/2026,FALTA COMPLETAR ALGO,"GLACIAR TORRECILLAS,NATURALEZA,PAISAJE,PARQUE NACIONAL LOS ALERCES","FACEBOOK,INSTAGRAM,TIKTOK,YOUTUBE",,,,,,,,
,,,,,,,,,,,,,,,
,,,,,,,,,,,,,,,
,,,,,,,,,,,,,,,
,,,,,,,,,,,,,,,
,,,,,,,,,,,,,,,
,,,,,,,,,,,,,,,
,,,,,,,,,,,,,,,
,🛫 Salida desde Córdoba: jueves a las 08:55 hs.,,,,,,,,,,,,,,
,🛬 Llegada a Esquel: 11:30 hs.,,,,,,,,,,,,,,
,🛬 Llegada a Córdoba: 18:20 hs.,"🍃 Sin multitudes, sin estrés y con una esencia única, es un lugar ideal para desconectar de todo y vivir la naturaleza.",,,,,,,,,,,,,
,,✨ Disponible todo el año para que lo recorras con calzado cómodo y unos ricos mates. ,,,,,,,,,,,,,
,Dia del Montañista ,,,5/8/2026,,,,,,,,,,,
,,"Acá tenemos el hielo para tu fernet ❄️😉

En dos horas, cambiar de escenario es posible. Viajá de Córdoba a Esquel y viví una experiencia totalmente diferente.

🛫Aprovechá el vuelo directo de Aerolíneas Argentinas durante agosto, septiembre y octubre.
👉 Sale los jueves desde Córdoba y desde Esquel los lunes.

#Córdoba #Esquel #AerolíneasArgentinas #TurismoArgentina #PatagoniaArgentina",,,,,,,,,,,,,
,,,,,,,,,,,,,,,
,,,,,,,,,,,,,,,